0001,1,http://imgs.juheapi.com/comic_xin/xKe3qMnZxa7EztK2U3RyaWtlclM=/7484/0-NzQ4NDA=.jpg
0001,2,http://imgs.juheapi.com/comic_xin/xKe3qMnZxa7EztK2U3RyaWtlclM=/7484/1-NzQ4NDE=.jpg
0001,3,http://imgs.juheapi.com/comic_xin/xKe3qMnZxa7EztK2U3RyaWtlclM=/7484/2-NzQ4NDI=.jpg
0001,4,http://imgs.juheapi.com/comic_xin/xKe3qMnZxa7EztK2U3RyaWtlclM=/7484/3-NzQ4NDM=.jpg
0001,5,http://imgs.juheapi.com/comic_xin/xKe3qMnZxa7EztK2U3RyaWtlclM=/7484/4-NzQ4NDQ=.jpg
0001,6,http://imgs.juheapi.com/comic_xin/xKe3qMnZxa7EztK2U3RyaWtlclM=/7484/5-NzQ4NDU=.jpg
0001,7,http://imgs.juheapi.com/comic_xin/xKe3qMnZxa7EztK2U3RyaWtlclM=/7484/6-NzQ4NDY=.jpg
0001,8,http://imgs.juheapi.com/comic_xin/xKe3qMnZxa7EztK2U3RyaWtlclM=/7484/7-NzQ4NDc=.jpg
0001,9,http://imgs.juheapi.com/comic_xin/xKe3qMnZxa7EztK2U3RyaWtlclM=/7484/8-NzQ4NDg=.jpg
0001,10,http://imgs.juheapi.com/comic_xin/xKe3qMnZxa7EztK2U3RyaWtlclM=/7484/9-NzQ4NDk=.jpg
0001,11,http://imgs.juheapi.com/comic_xin/xKe3qMnZxa7EztK2U3RyaWtlclM=/7484/10-NzQ4NDEw.jpg
0001,12,http://imgs.juheapi.com/comic_xin/xKe3qMnZxa7EztK2U3RyaWtlclM=/7484/11-NzQ4NDEx.jpg
0001,13,http://imgs.juheapi.com/comic_xin/xKe3qMnZxa7EztK2U3RyaWtlclM=/7484/12-NzQ4NDEy.jpg
0001,14,http://imgs.juheapi.com/comic_xin/xKe3qMnZxa7EztK2U3RyaWtlclM=/7484/13-NzQ4NDEz.jpg
0001,15,http://imgs.juheapi.com/comic_xin/xKe3qMnZxa7EztK2U3RyaWtlclM=/7484/14-NzQ4NDE0.jpg
0001,16,http://imgs.juheapi.com/comic_xin/xKe3qMnZxa7EztK2U3RyaWtlclM=/7484/15-NzQ4NDE1.jpg
0001,17,http://imgs.juheapi.com/comic_xin/xKe3qMnZxa7EztK2U3RyaWtlclM=/7484/16-NzQ4NDE2.jpg
0001,18,http://imgs.juheapi.com/comic_xin/xKe3qMnZxa7EztK2U3RyaWtlclM=/7484/17-NzQ4NDE3.jpg
0001,19,http://imgs.juheapi.com/comic_xin/xKe3qMnZxa7EztK2U3RyaWtlclM=/7484/18-NzQ4NDE4.jpg
0001,20,http://imgs.juheapi.com/comic_xin/xKe3qMnZxa7EztK2U3RyaWtlclM=/7484/19-NzQ4NDE5.jpg
0001,21,http://imgs.juheapi.com/comic_xin/xKe3qMnZxa7EztK2U3RyaWtlclM=/7484/20-NzQ4NDIw.jpg
0001,22,http://imgs.juheapi.com/comic_xin/xKe3qMnZxa7EztK2U3RyaWtlclM=/7484/21-NzQ4NDIx.jpg
0001,23,http://imgs.juheapi.com/comic_xin/xKe3qMnZxa7EztK2U3RyaWtlclM=/7484/22-NzQ4NDIy.jpg
0001,24,http://imgs.juheapi.com/comic_xin/xKe3qMnZxa7EztK2U3RyaWtlclM=/7484/23-NzQ4NDIz.jpg
0001,25,http://imgs.juheapi.com/comic_xin/xKe3qMnZxa7EztK2U3RyaWtlclM=/7484/24-NzQ4NDI0.jpg
0001,26,http://imgs.juheapi.com/comic_xin/xKe3qMnZxa7EztK2U3RyaWtlclM=/7484/25-NzQ4NDI1.jpg
0001,27,http://imgs.juheapi.com/comic_xin/xKe3qMnZxa7EztK2U3RyaWtlclM=/7484/26-NzQ4NDI2.jpg
0001,28,http://imgs.juheapi.com/comic_xin/xKe3qMnZxa7EztK2U3RyaWtlclM=/7484/27-NzQ4NDI3.jpg
0001,29,http://imgs.juheapi.com/comic_xin/xKe3qMnZxa7EztK2U3RyaWtlclM=/7484/28-NzQ4NDI4.jpg
0001,30,http://imgs.juheapi.com/comic_xin/xKe3qMnZxa7EztK2U3RyaWtlclM=/7484/29-NzQ4NDI5.jpg
0001,31,http://imgs.juheapi.com/comic_xin/xKe3qMnZxa7EztK2U3RyaWtlclM=/7484/30-NzQ4NDMw.jpg
0001,32,http://imgs.juheapi.com/comic_xin/xKe3qMnZxa7EztK2U3RyaWtlclM=/7484/31-NzQ4NDMx.jpg
0001,33,http://imgs.juheapi.com/comic_xin/xKe3qMnZxa7EztK2U3RyaWtlclM=/7484/32-NzQ4NDMy.jpg
0001,34,http://imgs.juheapi.com/comic_xin/xKe3qMnZxa7EztK2U3RyaWtlclM=/7484/33-NzQ4NDMz.jpg
0001,35,http://imgs.juheapi.com/comic_xin/xKe3qMnZxa7EztK2U3RyaWtlclM=/7484/34-NzQ4NDM0.jpg
0001,36,http://imgs.juheapi.com/comic_xin/xKe3qMnZxa7EztK2U3RyaWtlclM=/7484/35-NzQ4NDM1.jpg
0001,37,http://imgs.juheapi.com/comic_xin/xKe3qMnZxa7EztK2U3RyaWtlclM=/7484/36-NzQ4NDM2.jpg
0001,38,http://imgs.juheapi.com/comic_xin/xKe3qMnZxa7EztK2U3RyaWtlclM=/7484/37-NzQ4NDM3.jpg
0001,39,http://imgs.juheapi.com/comic_xin/xKe3qMnZxa7EztK2U3RyaWtlclM=/7484/38-NzQ4NDM4.jpg
0001,40,http://imgs.juheapi.com/comic_xin/xKe3qMnZxa7EztK2U3RyaWtlclM=/7484/39-NzQ4NDM5.jpg
0001,41,http://imgs.juheapi.com/comic_xin/xKe3qMnZxa7EztK2U3RyaWtlclM=/7484/40-NzQ4NDQw.jpg
0001,42,http://imgs.juheapi.com/comic_xin/xKe3qMnZxa7EztK2U3RyaWtlclM=/7484/41-NzQ4NDQx.jpg
0001,43,http://imgs.juheapi.com/comic_xin/xKe3qMnZxa7EztK2U3RyaWtlclM=/7484/42-NzQ4NDQy.jpg
0001,44,http://imgs.juheapi.com/comic_xin/xKe3qMnZxa7EztK2U3RyaWtlclM=/7484/43-NzQ4NDQz.jpg
0001,45,http://imgs.juheapi.com/comic_xin/xKe3qMnZxa7EztK2U3RyaWtlclM=/7484/44-NzQ4NDQ0.jpg
0001,46,http://imgs.juheapi.com/comic_xin/xKe3qMnZxa7EztK2U3RyaWtlclM=/7484/45-NzQ4NDQ1.jpg
0001,47,http://imgs.juheapi.com/comic_xin/xKe3qMnZxa7EztK2U3RyaWtlclM=/7484/46-NzQ4NDQ2.jpg
0001,48,http://imgs.juheapi.com/comic_xin/xKe3qMnZxa7EztK2U3RyaWtlclM=/7484/47-NzQ4NDQ3.jpg
0001,49,http://imgs.juheapi.com/comic_xin/xKe3qMnZxa7EztK2U3RyaWtlclM=/7484/48-NzQ4NDQ4.jpg
0001,50,http://imgs.juheapi.com/comic_xin/xKe3qMnZxa7EztK2U3RyaWtlclM=/7484/49-NzQ4NDQ5.jpg
0001,51,http://imgs.juheapi.com/comic_xin/xKe3qMnZxa7EztK2U3RyaWtlclM=/7484/50-NzQ4NDUw.jpg
0001,52,http://imgs.juheapi.com/comic_xin/xKe3qMnZxa7EztK2U3RyaWtlclM=/7484/51-NzQ4NDUx.jpg
0001,53,http://imgs.juheapi.com/comic_xin/xKe3qMnZxa7EztK2U3RyaWtlclM=/7484/52-NzQ4NDUy.jpg
0001,54,http://imgs.juheapi.com/comic_xin/xKe3qMnZxa7EztK2U3RyaWtlclM=/7484/53-NzQ4NDUz.jpg
0001,55,http://imgs.juheapi.com/comic_xin/xKe3qMnZxa7EztK2U3RyaWtlclM=/7484/54-NzQ4NDU0.jpg
0001,56,http://imgs.juheapi.com/comic_xin/xKe3qMnZxa7EztK2U3RyaWtlclM=/7484/55-NzQ4NDU1.jpg
0001,57,http://imgs.juheapi.com/comic_xin/xKe3qMnZxa7EztK2U3RyaWtlclM=/7484/56-NzQ4NDU2.jpg
0001,58,http://imgs.juheapi.com/comic_xin/xKe3qMnZxa7EztK2U3RyaWtlclM=/7484/57-NzQ4NDU3.jpg
0001,59,http://imgs.juheapi.com/comic_xin/xKe3qMnZxa7EztK2U3RyaWtlclM=/7484/58-NzQ4NDU4.jpg
0001,60,http://imgs.juheapi.com/comic_xin/xKe3qMnZxa7EztK2U3RyaWtlclM=/7484/59-NzQ4NDU5.jpg
0001,61,http://imgs.juheapi.com/comic_xin/xKe3qMnZxa7EztK2U3RyaWtlclM=/7484/60-NzQ4NDYw.jpg
0001,62,http://imgs.juheapi.com/comic_xin/xKe3qMnZxa7EztK2U3RyaWtlclM=/7484/61-NzQ4NDYx.jpg
0001,63,http://imgs.juheapi.com/comic_xin/xKe3qMnZxa7EztK2U3RyaWtlclM=/7484/62-NzQ4NDYy.jpg
0001,64,http://imgs.juheapi.com/comic_xin/xKe3qMnZxa7EztK2U3RyaWtlclM=/7484/63-NzQ4NDYz.jpg
0001,65,http://imgs.juheapi.com/comic_xin/xKe3qMnZxa7EztK2U3RyaWtlclM=/7484/64-NzQ4NDY0.jpg
0001,66,http://imgs.juheapi.com/comic_xin/xKe3qMnZxa7EztK2U3RyaWtlclM=/7484/65-NzQ4NDY1.jpg
0001,67,http://imgs.juheapi.com/comic_xin/xKe3qMnZxa7EztK2U3RyaWtlclM=/7484/66-NzQ4NDY2.jpg
0001,68,http://imgs.juheapi.com/comic_xin/xKe3qMnZxa7EztK2U3RyaWtlclM=/7484/67-NzQ4NDY3.jpg
0001,69,http://imgs.juheapi.com/comic_xin/xKe3qMnZxa7EztK2U3RyaWtlclM=/7484/68-NzQ4NDY4.jpg
0001,70,http://imgs.juheapi.com/comic_xin/xKe3qMnZxa7EztK2U3RyaWtlclM=/7484/69-NzQ4NDY5.jpg
0001,71,http://imgs.juheapi.com/comic_xin/xKe3qMnZxa7EztK2U3RyaWtlclM=/7484/70-NzQ4NDcw.jpg
0001,72,http://imgs.juheapi.com/comic_xin/xKe3qMnZxa7EztK2U3RyaWtlclM=/7484/71-NzQ4NDcx.jpg
0001,73,http://imgs.juheapi.com/comic_xin/xKe3qMnZxa7EztK2U3RyaWtlclM=/7484/72-NzQ4NDcy.jpg
0001,74,http://imgs.juheapi.com/comic_xin/xKe3qMnZxa7EztK2U3RyaWtlclM=/7484/73-NzQ4NDcz.jpg
0001,75,http://imgs.juheapi.com/comic_xin/xKe3qMnZxa7EztK2U3RyaWtlclM=/7484/74-NzQ4NDc0.jpg
0001,76,http://imgs.juheapi.com/comic_xin/xKe3qMnZxa7EztK2U3RyaWtlclM=/7484/75-NzQ4NDc1.jpg
0001,77,http://imgs.juheapi.com/comic_xin/xKe3qMnZxa7EztK2U3RyaWtlclM=/7484/76-NzQ4NDc2.jpg
0001,78,http://imgs.juheapi.com/comic_xin/xKe3qMnZxa7EztK2U3RyaWtlclM=/7484/77-NzQ4NDc3.jpg
0001,79,http://imgs.juheapi.com/comic_xin/xKe3qMnZxa7EztK2U3RyaWtlclM=/7484/78-NzQ4NDc4.jpg
0001,80,http://imgs.juheapi.com/comic_xin/xKe3qMnZxa7EztK2U3RyaWtlclM=/7484/79-NzQ4NDc5.jpg
0001,81,http://imgs.juheapi.com/comic_xin/xKe3qMnZxa7EztK2U3RyaWtlclM=/7484/80-NzQ4NDgw.jpg
0001,82,http://imgs.juheapi.com/comic_xin/xKe3qMnZxa7EztK2U3RyaWtlclM=/7484/81-NzQ4NDgx.jpg
0001,83,http://imgs.juheapi.com/comic_xin/xKe3qMnZxa7EztK2U3RyaWtlclM=/7484/82-NzQ4NDgy.jpg
0001,84,http://imgs.juheapi.com/comic_xin/xKe3qMnZxa7EztK2U3RyaWtlclM=/7484/83-NzQ4NDgz.jpg
0001,85,http://imgs.juheapi.com/comic_xin/xKe3qMnZxa7EztK2U3RyaWtlclM=/7484/84-NzQ4NDg0.jpg
0001,86,http://imgs.juheapi.com/comic_xin/xKe3qMnZxa7EztK2U3RyaWtlclM=/7484/85-NzQ4NDg1.jpg
0001,87,http://imgs.juheapi.com/comic_xin/xKe3qMnZxa7EztK2U3RyaWtlclM=/7484/86-NzQ4NDg2.jpg
0001,88,http://imgs.juheapi.com/comic_xin/xKe3qMnZxa7EztK2U3RyaWtlclM=/7484/87-NzQ4NDg3.jpg
0001,89,http://imgs.juheapi.com/comic_xin/xKe3qMnZxa7EztK2U3RyaWtlclM=/7484/88-NzQ4NDg4.jpg
0001,90,http://imgs.juheapi.com/comic_xin/xKe3qMnZxa7EztK2U3RyaWtlclM=/7484/89-NzQ4NDg5.jpg
0001,91,http://imgs.juheapi.com/comic_xin/xKe3qMnZxa7EztK2U3RyaWtlclM=/7484/90-NzQ4NDkw.jpg
0001,92,http://imgs.juheapi.com/comic_xin/xKe3qMnZxa7EztK2U3RyaWtlclM=/7484/91-NzQ4NDkx.jpg
0001,93,http://imgs.juheapi.com/comic_xin/xKe3qMnZxa7EztK2U3RyaWtlclM=/7484/92-NzQ4NDky.jpg
0001,94,http://imgs.juheapi.com/comic_xin/xKe3qMnZxa7EztK2U3RyaWtlclM=/7484/93-NzQ4NDkz.jpg
0001,95,http://imgs.juheapi.com/comic_xin/xKe3qMnZxa7EztK2U3RyaWtlclM=/7484/94-NzQ4NDk0.jpg
0001,96,http://imgs.juheapi.com/comic_xin/xKe3qMnZxa7EztK2U3RyaWtlclM=/7484/95-NzQ4NDk1.jpg
0001,97,http://imgs.juheapi.com/comic_xin/xKe3qMnZxa7EztK2U3RyaWtlclM=/7484/96-NzQ4NDk2.jpg
0001,98,http://imgs.juheapi.com/comic_xin/xKe3qMnZxa7EztK2U3RyaWtlclM=/7484/97-NzQ4NDk3.jpg
0001,99,http://imgs.juheapi.com/comic_xin/xKe3qMnZxa7EztK2U3RyaWtlclM=/7484/98-NzQ4NDk4.jpg
0001,100,http://imgs.juheapi.com/comic_xin/xKe3qMnZxa7EztK2U3RyaWtlclM=/7484/99-NzQ4NDk5.jpg
0001,101,http://imgs.juheapi.com/comic_xin/xKe3qMnZxa7EztK2U3RyaWtlclM=/7484/100-NzQ4NDEwMA==.jpg
0001,102,http://imgs.juheapi.com/comic_xin/xKe3qMnZxa7EztK2U3RyaWtlclM=/7484/101-NzQ4NDEwMQ==.jpg
0001,103,http://imgs.juheapi.com/comic_xin/xKe3qMnZxa7EztK2U3RyaWtlclM=/7484/102-NzQ4NDEwMg==.jpg
0001,104,http://imgs.juheapi.com/comic_xin/xKe3qMnZxa7EztK2U3RyaWtlclM=/7484/103-NzQ4NDEwMw==.jpg
0001,105,http://imgs.juheapi.com/comic_xin/xKe3qMnZxa7EztK2U3RyaWtlclM=/7484/104-NzQ4NDEwNA==.jpg
0001,106,http://imgs.juheapi.com/comic_xin/xKe3qMnZxa7EztK2U3RyaWtlclM=/7484/105-NzQ4NDEwNQ==.jpg
0001,107,http://imgs.juheapi.com/comic_xin/xKe3qMnZxa7EztK2U3RyaWtlclM=/7484/106-NzQ4NDEwNg==.jpg
0001,108,http://imgs.juheapi.com/comic_xin/xKe3qMnZxa7EztK2U3RyaWtlclM=/7484/107-NzQ4NDEwNw==.jpg
0001,109,http://imgs.juheapi.com/comic_xin/xKe3qMnZxa7EztK2U3RyaWtlclM=/7484/108-NzQ4NDEwOA==.jpg
0001,110,http://imgs.juheapi.com/comic_xin/xKe3qMnZxa7EztK2U3RyaWtlclM=/7484/109-NzQ4NDEwOQ==.jpg
0001,111,http://imgs.juheapi.com/comic_xin/xKe3qMnZxa7EztK2U3RyaWtlclM=/7484/110-NzQ4NDExMA==.jpg
0001,112,http://imgs.juheapi.com/comic_xin/xKe3qMnZxa7EztK2U3RyaWtlclM=/7484/111-NzQ4NDExMQ==.jpg
0001,113,http://imgs.juheapi.com/comic_xin/xKe3qMnZxa7EztK2U3RyaWtlclM=/7484/112-NzQ4NDExMg==.jpg
0001,114,http://imgs.juheapi.com/comic_xin/xKe3qMnZxa7EztK2U3RyaWtlclM=/7484/113-NzQ4NDExMw==.jpg
0001,115,http://imgs.juheapi.com/comic_xin/xKe3qMnZxa7EztK2U3RyaWtlclM=/7484/114-NzQ4NDExNA==.jpg
0001,116,http://imgs.juheapi.com/comic_xin/xKe3qMnZxa7EztK2U3RyaWtlclM=/7484/115-NzQ4NDExNQ==.jpg
0001,117,http://imgs.juheapi.com/comic_xin/xKe3qMnZxa7EztK2U3RyaWtlclM=/7484/116-NzQ4NDExNg==.jpg
0001,118,http://imgs.juheapi.com/comic_xin/xKe3qMnZxa7EztK2U3RyaWtlclM=/7484/117-NzQ4NDExNw==.jpg
0001,119,http://imgs.juheapi.com/comic_xin/xKe3qMnZxa7EztK2U3RyaWtlclM=/7484/118-NzQ4NDExOA==.jpg
0001,120,http://imgs.juheapi.com/comic_xin/xKe3qMnZxa7EztK2U3RyaWtlclM=/7484/119-NzQ4NDExOQ==.jpg
0001,121,http://imgs.juheapi.com/comic_xin/xKe3qMnZxa7EztK2U3RyaWtlclM=/7484/120-NzQ4NDEyMA==.jpg
0001,122,http://imgs.juheapi.com/comic_xin/xKe3qMnZxa7EztK2U3RyaWtlclM=/7484/121-NzQ4NDEyMQ==.jpg
0001,123,http://imgs.juheapi.com/comic_xin/xKe3qMnZxa7EztK2U3RyaWtlclM=/7484/122-NzQ4NDEyMg==.jpg
0001,124,http://imgs.juheapi.com/comic_xin/xKe3qMnZxa7EztK2U3RyaWtlclM=/7484/123-NzQ4NDEyMw==.jpg
0001,125,http://imgs.juheapi.com/comic_xin/xKe3qMnZxa7EztK2U3RyaWtlclM=/7484/124-NzQ4NDEyNA==.jpg
0001,126,http://imgs.juheapi.com/comic_xin/xKe3qMnZxa7EztK2U3RyaWtlclM=/7484/125-NzQ4NDEyNQ==.jpg
0001,127,http://imgs.juheapi.com/comic_xin/xKe3qMnZxa7EztK2U3RyaWtlclM=/7484/126-NzQ4NDEyNg==.jpg
0001,128,http://imgs.juheapi.com/comic_xin/xKe3qMnZxa7EztK2U3RyaWtlclM=/7484/127-NzQ4NDEyNw==.jpg
0001,129,http://imgs.juheapi.com/comic_xin/xKe3qMnZxa7EztK2U3RyaWtlclM=/7484/128-NzQ4NDEyOA==.jpg
0001,130,http://imgs.juheapi.com/comic_xin/xKe3qMnZxa7EztK2U3RyaWtlclM=/7484/129-NzQ4NDEyOQ==.jpg
0001,131,http://imgs.juheapi.com/comic_xin/xKe3qMnZxa7EztK2U3RyaWtlclM=/7484/130-NzQ4NDEzMA==.jpg
0001,132,http://imgs.juheapi.com/comic_xin/xKe3qMnZxa7EztK2U3RyaWtlclM=/7484/131-NzQ4NDEzMQ==.jpg
0001,133,http://imgs.juheapi.com/comic_xin/xKe3qMnZxa7EztK2U3RyaWtlclM=/7484/132-NzQ4NDEzMg==.jpg
0001,134,http://imgs.juheapi.com/comic_xin/xKe3qMnZxa7EztK2U3RyaWtlclM=/7484/133-NzQ4NDEzMw==.jpg
0001,135,http://imgs.juheapi.com/comic_xin/xKe3qMnZxa7EztK2U3RyaWtlclM=/7484/134-NzQ4NDEzNA==.jpg
0001,136,http://imgs.juheapi.com/comic_xin/xKe3qMnZxa7EztK2U3RyaWtlclM=/7484/135-NzQ4NDEzNQ==.jpg
0001,137,http://imgs.juheapi.com/comic_xin/xKe3qMnZxa7EztK2U3RyaWtlclM=/7484/136-NzQ4NDEzNg==.jpg
0001,138,http://imgs.juheapi.com/comic_xin/xKe3qMnZxa7EztK2U3RyaWtlclM=/7484/137-NzQ4NDEzNw==.jpg
0001,139,http://imgs.juheapi.com/comic_xin/xKe3qMnZxa7EztK2U3RyaWtlclM=/7484/138-NzQ4NDEzOA==.jpg
0001,140,http://imgs.juheapi.com/comic_xin/xKe3qMnZxa7EztK2U3RyaWtlclM=/7484/139-NzQ4NDEzOQ==.jpg
0001,141,http://imgs.juheapi.com/comic_xin/xKe3qMnZxa7EztK2U3RyaWtlclM=/7484/140-NzQ4NDE0MA==.jpg
0001,142,http://imgs.juheapi.com/comic_xin/xKe3qMnZxa7EztK2U3RyaWtlclM=/7484/141-NzQ4NDE0MQ==.jpg
0001,143,http://imgs.juheapi.com/comic_xin/xKe3qMnZxa7EztK2U3RyaWtlclM=/7484/142-NzQ4NDE0Mg==.jpg
0001,144,http://imgs.juheapi.com/comic_xin/xKe3qMnZxa7EztK2U3RyaWtlclM=/7484/143-NzQ4NDE0Mw==.jpg
0001,145,http://imgs.juheapi.com/comic_xin/xKe3qMnZxa7EztK2U3RyaWtlclM=/7484/144-NzQ4NDE0NA==.jpg
0001,146,http://imgs.juheapi.com/comic_xin/xKe3qMnZxa7EztK2U3RyaWtlclM=/7484/145-NzQ4NDE0NQ==.jpg
0001,147,http://imgs.juheapi.com/comic_xin/xKe3qMnZxa7EztK2U3RyaWtlclM=/7484/146-NzQ4NDE0Ng==.jpg
0001,148,http://imgs.juheapi.com/comic_xin/xKe3qMnZxa7EztK2U3RyaWtlclM=/7484/147-NzQ4NDE0Nw==.jpg
0001,149,http://imgs.juheapi.com/comic_xin/xKe3qMnZxa7EztK2U3RyaWtlclM=/7484/148-NzQ4NDE0OA==.jpg
0001,150,http://imgs.juheapi.com/comic_xin/xKe3qMnZxa7EztK2U3RyaWtlclM=/7484/149-NzQ4NDE0OQ==.jpg
0001,151,http://imgs.juheapi.com/comic_xin/xKe3qMnZxa7EztK2U3RyaWtlclM=/7484/150-NzQ4NDE1MA==.jpg
0001,152,http://imgs.juheapi.com/comic_xin/xKe3qMnZxa7EztK2U3RyaWtlclM=/7484/151-NzQ4NDE1MQ==.jpg
0001,153,http://imgs.juheapi.com/comic_xin/xKe3qMnZxa7EztK2U3RyaWtlclM=/7484/152-NzQ4NDE1Mg==.jpg
0001,154,http://imgs.juheapi.com/comic_xin/xKe3qMnZxa7EztK2U3RyaWtlclM=/7484/153-NzQ4NDE1Mw==.jpg
0001,155,http://imgs.juheapi.com/comic_xin/xKe3qMnZxa7EztK2U3RyaWtlclM=/7484/154-NzQ4NDE1NA==.jpg
0001,156,http://imgs.juheapi.com/comic_xin/xKe3qMnZxa7EztK2U3RyaWtlclM=/7484/155-NzQ4NDE1NQ==.jpg
0001,157,http://imgs.juheapi.com/comic_xin/xKe3qMnZxa7EztK2U3RyaWtlclM=/7484/156-NzQ4NDE1Ng==.jpg
0001,158,http://imgs.juheapi.com/comic_xin/xKe3qMnZxa7EztK2U3RyaWtlclM=/7484/157-NzQ4NDE1Nw==.jpg
0001,159,http://imgs.juheapi.com/comic_xin/xKe3qMnZxa7EztK2U3RyaWtlclM=/7484/158-NzQ4NDE1OA==.jpg
0001,160,http://imgs.juheapi.com/comic_xin/xKe3qMnZxa7EztK2U3RyaWtlclM=/7484/159-NzQ4NDE1OQ==.jpg
0001,161,http://imgs.juheapi.com/comic_xin/xKe3qMnZxa7EztK2U3RyaWtlclM=/7484/160-NzQ4NDE2MA==.jpg
0001,162,http://imgs.juheapi.com/comic_xin/xKe3qMnZxa7EztK2U3RyaWtlclM=/7484/161-NzQ4NDE2MQ==.jpg
0001,163,http://imgs.juheapi.com/comic_xin/xKe3qMnZxa7EztK2U3RyaWtlclM=/7484/162-NzQ4NDE2Mg==.jpg
0001,164,http://imgs.juheapi.com/comic_xin/xKe3qMnZxa7EztK2U3RyaWtlclM=/7484/163-NzQ4NDE2Mw==.jpg
0001,165,http://imgs.juheapi.com/comic_xin/xKe3qMnZxa7EztK2U3RyaWtlclM=/7484/164-NzQ4NDE2NA==.jpg
0001,166,http://imgs.juheapi.com/comic_xin/xKe3qMnZxa7EztK2U3RyaWtlclM=/7484/165-NzQ4NDE2NQ==.jpg
0001,167,http://imgs.juheapi.com/comic_xin/xKe3qMnZxa7EztK2U3RyaWtlclM=/7484/166-NzQ4NDE2Ng==.jpg
0001,168,http://imgs.juheapi.com/comic_xin/xKe3qMnZxa7EztK2U3RyaWtlclM=/7484/167-NzQ4NDE2Nw==.jpg
0001,169,http://imgs.juheapi.com/comic_xin/xKe3qMnZxa7EztK2U3RyaWtlclM=/7484/168-NzQ4NDE2OA==.jpg
0001,170,http://imgs.juheapi.com/comic_xin/xKe3qMnZxa7EztK2U3RyaWtlclM=/7484/169-NzQ4NDE2OQ==.jpg
0001,171,http://imgs.juheapi.com/comic_xin/xKe3qMnZxa7EztK2U3RyaWtlclM=/7484/170-NzQ4NDE3MA==.jpg
0001,172,http://imgs.juheapi.com/comic_xin/xKe3qMnZxa7EztK2U3RyaWtlclM=/7484/171-NzQ4NDE3MQ==.jpg
0001,173,http://imgs.juheapi.com/comic_xin/xKe3qMnZxa7EztK2U3RyaWtlclM=/7484/172-NzQ4NDE3Mg==.jpg
0001,174,http://imgs.juheapi.com/comic_xin/xKe3qMnZxa7EztK2U3RyaWtlclM=/7484/173-NzQ4NDE3Mw==.jpg
0001,175,http://imgs.juheapi.com/comic_xin/xKe3qMnZxa7EztK2U3RyaWtlclM=/7484/174-NzQ4NDE3NA==.jpg
0001,176,http://imgs.juheapi.com/comic_xin/xKe3qMnZxa7EztK2U3RyaWtlclM=/7484/175-NzQ4NDE3NQ==.jpg
0001,177,http://imgs.juheapi.com/comic_xin/xKe3qMnZxa7EztK2U3RyaWtlclM=/7484/176-NzQ4NDE3Ng==.jpg
0001,178,http://imgs.juheapi.com/comic_xin/xKe3qMnZxa7EztK2U3RyaWtlclM=/7484/177-NzQ4NDE3Nw==.jpg
0001,179,http://imgs.juheapi.com/comic_xin/xKe3qMnZxa7EztK2U3RyaWtlclM=/7484/178-NzQ4NDE3OA==.jpg
0001,180,http://imgs.juheapi.com/comic_xin/xKe3qMnZxa7EztK2U3RyaWtlclM=/7484/179-NzQ4NDE3OQ==.jpg
0001,181,http://imgs.juheapi.com/comic_xin/xKe3qMnZxa7EztK2U3RyaWtlclM=/7484/180-NzQ4NDE4MA==.jpg
0002,1,http://imgs.juheapi.com/comic_xin/xKe3qMnZxa7EztK2U3RyaWtlclM=/7955/0-Nzk1NTA=.jpg
0002,2,http://imgs.juheapi.com/comic_xin/xKe3qMnZxa7EztK2U3RyaWtlclM=/7955/1-Nzk1NTE=.jpg
0002,3,http://imgs.juheapi.com/comic_xin/xKe3qMnZxa7EztK2U3RyaWtlclM=/7955/2-Nzk1NTI=.jpg
0002,4,http://imgs.juheapi.com/comic_xin/xKe3qMnZxa7EztK2U3RyaWtlclM=/7955/3-Nzk1NTM=.jpg
0002,5,http://imgs.juheapi.com/comic_xin/xKe3qMnZxa7EztK2U3RyaWtlclM=/7955/4-Nzk1NTQ=.jpg
0002,6,http://imgs.juheapi.com/comic_xin/xKe3qMnZxa7EztK2U3RyaWtlclM=/7955/5-Nzk1NTU=.jpg
0002,7,http://imgs.juheapi.com/comic_xin/xKe3qMnZxa7EztK2U3RyaWtlclM=/7955/6-Nzk1NTY=.jpg
0002,8,http://imgs.juheapi.com/comic_xin/xKe3qMnZxa7EztK2U3RyaWtlclM=/7955/7-Nzk1NTc=.jpg
0002,9,http://imgs.juheapi.com/comic_xin/xKe3qMnZxa7EztK2U3RyaWtlclM=/7955/8-Nzk1NTg=.jpg
0002,10,http://imgs.juheapi.com/comic_xin/xKe3qMnZxa7EztK2U3RyaWtlclM=/7955/9-Nzk1NTk=.jpg
0002,11,http://imgs.juheapi.com/comic_xin/xKe3qMnZxa7EztK2U3RyaWtlclM=/7955/10-Nzk1NTEw.jpg
0002,12,http://imgs.juheapi.com/comic_xin/xKe3qMnZxa7EztK2U3RyaWtlclM=/7955/11-Nzk1NTEx.jpg
0002,13,http://imgs.juheapi.com/comic_xin/xKe3qMnZxa7EztK2U3RyaWtlclM=/7955/12-Nzk1NTEy.jpg
0002,14,http://imgs.juheapi.com/comic_xin/xKe3qMnZxa7EztK2U3RyaWtlclM=/7955/13-Nzk1NTEz.jpg
0002,15,http://imgs.juheapi.com/comic_xin/xKe3qMnZxa7EztK2U3RyaWtlclM=/7955/14-Nzk1NTE0.jpg
0002,16,http://imgs.juheapi.com/comic_xin/xKe3qMnZxa7EztK2U3RyaWtlclM=/7955/15-Nzk1NTE1.jpg
0002,17,http://imgs.juheapi.com/comic_xin/xKe3qMnZxa7EztK2U3RyaWtlclM=/7955/16-Nzk1NTE2.jpg
0002,18,http://imgs.juheapi.com/comic_xin/xKe3qMnZxa7EztK2U3RyaWtlclM=/7955/17-Nzk1NTE3.jpg
0002,19,http://imgs.juheapi.com/comic_xin/xKe3qMnZxa7EztK2U3RyaWtlclM=/7955/18-Nzk1NTE4.jpg
0002,20,http://imgs.juheapi.com/comic_xin/xKe3qMnZxa7EztK2U3RyaWtlclM=/7955/19-Nzk1NTE5.jpg
0002,21,http://imgs.juheapi.com/comic_xin/xKe3qMnZxa7EztK2U3RyaWtlclM=/7955/20-Nzk1NTIw.jpg
0002,22,http://imgs.juheapi.com/comic_xin/xKe3qMnZxa7EztK2U3RyaWtlclM=/7955/21-Nzk1NTIx.jpg
0002,23,http://imgs.juheapi.com/comic_xin/xKe3qMnZxa7EztK2U3RyaWtlclM=/7955/22-Nzk1NTIy.jpg
0002,24,http://imgs.juheapi.com/comic_xin/xKe3qMnZxa7EztK2U3RyaWtlclM=/7955/23-Nzk1NTIz.jpg
0002,25,http://imgs.juheapi.com/comic_xin/xKe3qMnZxa7EztK2U3RyaWtlclM=/7955/24-Nzk1NTI0.jpg
0002,26,http://imgs.juheapi.com/comic_xin/xKe3qMnZxa7EztK2U3RyaWtlclM=/7955/25-Nzk1NTI1.jpg
0002,27,http://imgs.juheapi.com/comic_xin/xKe3qMnZxa7EztK2U3RyaWtlclM=/7955/26-Nzk1NTI2.jpg
0002,28,http://imgs.juheapi.com/comic_xin/xKe3qMnZxa7EztK2U3RyaWtlclM=/7955/27-Nzk1NTI3.jpg
0002,29,http://imgs.juheapi.com/comic_xin/xKe3qMnZxa7EztK2U3RyaWtlclM=/7955/28-Nzk1NTI4.jpg
0002,30,http://imgs.juheapi.com/comic_xin/xKe3qMnZxa7EztK2U3RyaWtlclM=/7955/29-Nzk1NTI5.jpg
0002,31,http://imgs.juheapi.com/comic_xin/xKe3qMnZxa7EztK2U3RyaWtlclM=/7955/30-Nzk1NTMw.jpg
0002,32,http://imgs.juheapi.com/comic_xin/xKe3qMnZxa7EztK2U3RyaWtlclM=/7955/31-Nzk1NTMx.jpg
0002,33,http://imgs.juheapi.com/comic_xin/xKe3qMnZxa7EztK2U3RyaWtlclM=/7955/32-Nzk1NTMy.jpg
0002,34,http://imgs.juheapi.com/comic_xin/xKe3qMnZxa7EztK2U3RyaWtlclM=/7955/33-Nzk1NTMz.jpg
0002,35,http://imgs.juheapi.com/comic_xin/xKe3qMnZxa7EztK2U3RyaWtlclM=/7955/34-Nzk1NTM0.jpg
0002,36,http://imgs.juheapi.com/comic_xin/xKe3qMnZxa7EztK2U3RyaWtlclM=/7955/35-Nzk1NTM1.jpg
0002,37,http://imgs.juheapi.com/comic_xin/xKe3qMnZxa7EztK2U3RyaWtlclM=/7955/36-Nzk1NTM2.jpg
0002,38,http://imgs.juheapi.com/comic_xin/xKe3qMnZxa7EztK2U3RyaWtlclM=/7955/37-Nzk1NTM3.jpg
0002,39,http://imgs.juheapi.com/comic_xin/xKe3qMnZxa7EztK2U3RyaWtlclM=/7955/38-Nzk1NTM4.jpg
0002,40,http://imgs.juheapi.com/comic_xin/xKe3qMnZxa7EztK2U3RyaWtlclM=/7955/39-Nzk1NTM5.jpg
0002,41,http://imgs.juheapi.com/comic_xin/xKe3qMnZxa7EztK2U3RyaWtlclM=/7955/40-Nzk1NTQw.jpg
0002,42,http://imgs.juheapi.com/comic_xin/xKe3qMnZxa7EztK2U3RyaWtlclM=/7955/41-Nzk1NTQx.jpg
0002,43,http://imgs.juheapi.com/comic_xin/xKe3qMnZxa7EztK2U3RyaWtlclM=/7955/42-Nzk1NTQy.jpg
0002,44,http://imgs.juheapi.com/comic_xin/xKe3qMnZxa7EztK2U3RyaWtlclM=/7955/43-Nzk1NTQz.jpg
0002,45,http://imgs.juheapi.com/comic_xin/xKe3qMnZxa7EztK2U3RyaWtlclM=/7955/44-Nzk1NTQ0.jpg
0002,46,http://imgs.juheapi.com/comic_xin/xKe3qMnZxa7EztK2U3RyaWtlclM=/7955/45-Nzk1NTQ1.jpg
0002,47,http://imgs.juheapi.com/comic_xin/xKe3qMnZxa7EztK2U3RyaWtlclM=/7955/46-Nzk1NTQ2.jpg
0002,48,http://imgs.juheapi.com/comic_xin/xKe3qMnZxa7EztK2U3RyaWtlclM=/7955/47-Nzk1NTQ3.jpg
0002,49,http://imgs.juheapi.com/comic_xin/xKe3qMnZxa7EztK2U3RyaWtlclM=/7955/48-Nzk1NTQ4.jpg
0002,50,http://imgs.juheapi.com/comic_xin/xKe3qMnZxa7EztK2U3RyaWtlclM=/7955/49-Nzk1NTQ5.jpg
0002,51,http://imgs.juheapi.com/comic_xin/xKe3qMnZxa7EztK2U3RyaWtlclM=/7955/50-Nzk1NTUw.jpg
0002,52,http://imgs.juheapi.com/comic_xin/xKe3qMnZxa7EztK2U3RyaWtlclM=/7955/51-Nzk1NTUx.jpg
0002,53,http://imgs.juheapi.com/comic_xin/xKe3qMnZxa7EztK2U3RyaWtlclM=/7955/52-Nzk1NTUy.jpg
0002,54,http://imgs.juheapi.com/comic_xin/xKe3qMnZxa7EztK2U3RyaWtlclM=/7955/53-Nzk1NTUz.jpg
0002,55,http://imgs.juheapi.com/comic_xin/xKe3qMnZxa7EztK2U3RyaWtlclM=/7955/54-Nzk1NTU0.jpg
0002,56,http://imgs.juheapi.com/comic_xin/xKe3qMnZxa7EztK2U3RyaWtlclM=/7955/55-Nzk1NTU1.jpg
0002,57,http://imgs.juheapi.com/comic_xin/xKe3qMnZxa7EztK2U3RyaWtlclM=/7955/56-Nzk1NTU2.jpg
0002,58,http://imgs.juheapi.com/comic_xin/xKe3qMnZxa7EztK2U3RyaWtlclM=/7955/57-Nzk1NTU3.jpg
0002,59,http://imgs.juheapi.com/comic_xin/xKe3qMnZxa7EztK2U3RyaWtlclM=/7955/58-Nzk1NTU4.jpg
0002,60,http://imgs.juheapi.com/comic_xin/xKe3qMnZxa7EztK2U3RyaWtlclM=/7955/59-Nzk1NTU5.jpg
0002,61,http://imgs.juheapi.com/comic_xin/xKe3qMnZxa7EztK2U3RyaWtlclM=/7955/60-Nzk1NTYw.jpg
0002,62,http://imgs.juheapi.com/comic_xin/xKe3qMnZxa7EztK2U3RyaWtlclM=/7955/61-Nzk1NTYx.jpg
0002,63,http://imgs.juheapi.com/comic_xin/xKe3qMnZxa7EztK2U3RyaWtlclM=/7955/62-Nzk1NTYy.jpg
0002,64,http://imgs.juheapi.com/comic_xin/xKe3qMnZxa7EztK2U3RyaWtlclM=/7955/63-Nzk1NTYz.jpg
0002,65,http://imgs.juheapi.com/comic_xin/xKe3qMnZxa7EztK2U3RyaWtlclM=/7955/64-Nzk1NTY0.jpg
0002,66,http://imgs.juheapi.com/comic_xin/xKe3qMnZxa7EztK2U3RyaWtlclM=/7955/65-Nzk1NTY1.jpg
0002,67,http://imgs.juheapi.com/comic_xin/xKe3qMnZxa7EztK2U3RyaWtlclM=/7955/66-Nzk1NTY2.jpg
0002,68,http://imgs.juheapi.com/comic_xin/xKe3qMnZxa7EztK2U3RyaWtlclM=/7955/67-Nzk1NTY3.jpg
0002,69,http://imgs.juheapi.com/comic_xin/xKe3qMnZxa7EztK2U3RyaWtlclM=/7955/68-Nzk1NTY4.jpg
0002,70,http://imgs.juheapi.com/comic_xin/xKe3qMnZxa7EztK2U3RyaWtlclM=/7955/69-Nzk1NTY5.jpg
0002,71,http://imgs.juheapi.com/comic_xin/xKe3qMnZxa7EztK2U3RyaWtlclM=/7955/70-Nzk1NTcw.jpg
0002,72,http://imgs.juheapi.com/comic_xin/xKe3qMnZxa7EztK2U3RyaWtlclM=/7955/71-Nzk1NTcx.jpg
0002,73,http://imgs.juheapi.com/comic_xin/xKe3qMnZxa7EztK2U3RyaWtlclM=/7955/72-Nzk1NTcy.jpg
0002,74,http://imgs.juheapi.com/comic_xin/xKe3qMnZxa7EztK2U3RyaWtlclM=/7955/73-Nzk1NTcz.jpg
0002,75,http://imgs.juheapi.com/comic_xin/xKe3qMnZxa7EztK2U3RyaWtlclM=/7955/74-Nzk1NTc0.jpg
0002,76,http://imgs.juheapi.com/comic_xin/xKe3qMnZxa7EztK2U3RyaWtlclM=/7955/75-Nzk1NTc1.jpg
0002,77,http://imgs.juheapi.com/comic_xin/xKe3qMnZxa7EztK2U3RyaWtlclM=/7955/76-Nzk1NTc2.jpg
0002,78,http://imgs.juheapi.com/comic_xin/xKe3qMnZxa7EztK2U3RyaWtlclM=/7955/77-Nzk1NTc3.jpg
0002,79,http://imgs.juheapi.com/comic_xin/xKe3qMnZxa7EztK2U3RyaWtlclM=/7955/78-Nzk1NTc4.jpg
0002,80,http://imgs.juheapi.com/comic_xin/xKe3qMnZxa7EztK2U3RyaWtlclM=/7955/79-Nzk1NTc5.jpg
0002,81,http://imgs.juheapi.com/comic_xin/xKe3qMnZxa7EztK2U3RyaWtlclM=/7955/80-Nzk1NTgw.jpg
0002,82,http://imgs.juheapi.com/comic_xin/xKe3qMnZxa7EztK2U3RyaWtlclM=/7955/81-Nzk1NTgx.jpg
0002,83,http://imgs.juheapi.com/comic_xin/xKe3qMnZxa7EztK2U3RyaWtlclM=/7955/82-Nzk1NTgy.jpg
0002,84,http://imgs.juheapi.com/comic_xin/xKe3qMnZxa7EztK2U3RyaWtlclM=/7955/83-Nzk1NTgz.jpg
0002,85,http://imgs.juheapi.com/comic_xin/xKe3qMnZxa7EztK2U3RyaWtlclM=/7955/84-Nzk1NTg0.jpg
0002,86,http://imgs.juheapi.com/comic_xin/xKe3qMnZxa7EztK2U3RyaWtlclM=/7955/85-Nzk1NTg1.jpg
0002,87,http://imgs.juheapi.com/comic_xin/xKe3qMnZxa7EztK2U3RyaWtlclM=/7955/86-Nzk1NTg2.jpg
0002,88,http://imgs.juheapi.com/comic_xin/xKe3qMnZxa7EztK2U3RyaWtlclM=/7955/87-Nzk1NTg3.jpg
0002,89,http://imgs.juheapi.com/comic_xin/xKe3qMnZxa7EztK2U3RyaWtlclM=/7955/88-Nzk1NTg4.jpg
0002,90,http://imgs.juheapi.com/comic_xin/xKe3qMnZxa7EztK2U3RyaWtlclM=/7955/89-Nzk1NTg5.jpg
0002,91,http://imgs.juheapi.com/comic_xin/xKe3qMnZxa7EztK2U3RyaWtlclM=/7955/90-Nzk1NTkw.jpg
0002,92,http://imgs.juheapi.com/comic_xin/xKe3qMnZxa7EztK2U3RyaWtlclM=/7955/91-Nzk1NTkx.jpg
0002,93,http://imgs.juheapi.com/comic_xin/xKe3qMnZxa7EztK2U3RyaWtlclM=/7955/92-Nzk1NTky.jpg
0002,94,http://imgs.juheapi.com/comic_xin/xKe3qMnZxa7EztK2U3RyaWtlclM=/7955/93-Nzk1NTkz.jpg
0002,95,http://imgs.juheapi.com/comic_xin/xKe3qMnZxa7EztK2U3RyaWtlclM=/7955/94-Nzk1NTk0.jpg
0002,96,http://imgs.juheapi.com/comic_xin/xKe3qMnZxa7EztK2U3RyaWtlclM=/7955/95-Nzk1NTk1.jpg
0002,97,http://imgs.juheapi.com/comic_xin/xKe3qMnZxa7EztK2U3RyaWtlclM=/7955/96-Nzk1NTk2.jpg
0002,98,http://imgs.juheapi.com/comic_xin/xKe3qMnZxa7EztK2U3RyaWtlclM=/7955/97-Nzk1NTk3.jpg
0002,99,http://imgs.juheapi.com/comic_xin/xKe3qMnZxa7EztK2U3RyaWtlclM=/7955/98-Nzk1NTk4.jpg
0002,100,http://imgs.juheapi.com/comic_xin/xKe3qMnZxa7EztK2U3RyaWtlclM=/7955/99-Nzk1NTk5.jpg
0002,101,http://imgs.juheapi.com/comic_xin/xKe3qMnZxa7EztK2U3RyaWtlclM=/7955/100-Nzk1NTEwMA==.jpg
0002,102,http://imgs.juheapi.com/comic_xin/xKe3qMnZxa7EztK2U3RyaWtlclM=/7955/101-Nzk1NTEwMQ==.jpg
0002,103,http://imgs.juheapi.com/comic_xin/xKe3qMnZxa7EztK2U3RyaWtlclM=/7955/102-Nzk1NTEwMg==.jpg
0002,104,http://imgs.juheapi.com/comic_xin/xKe3qMnZxa7EztK2U3RyaWtlclM=/7955/103-Nzk1NTEwMw==.jpg
0002,105,http://imgs.juheapi.com/comic_xin/xKe3qMnZxa7EztK2U3RyaWtlclM=/7955/104-Nzk1NTEwNA==.jpg
0002,106,http://imgs.juheapi.com/comic_xin/xKe3qMnZxa7EztK2U3RyaWtlclM=/7955/105-Nzk1NTEwNQ==.jpg
0002,107,http://imgs.juheapi.com/comic_xin/xKe3qMnZxa7EztK2U3RyaWtlclM=/7955/106-Nzk1NTEwNg==.jpg
0002,108,http://imgs.juheapi.com/comic_xin/xKe3qMnZxa7EztK2U3RyaWtlclM=/7955/107-Nzk1NTEwNw==.jpg
0002,109,http://imgs.juheapi.com/comic_xin/xKe3qMnZxa7EztK2U3RyaWtlclM=/7955/108-Nzk1NTEwOA==.jpg
0002,110,http://imgs.juheapi.com/comic_xin/xKe3qMnZxa7EztK2U3RyaWtlclM=/7955/109-Nzk1NTEwOQ==.jpg
0002,111,http://imgs.juheapi.com/comic_xin/xKe3qMnZxa7EztK2U3RyaWtlclM=/7955/110-Nzk1NTExMA==.jpg
0002,112,http://imgs.juheapi.com/comic_xin/xKe3qMnZxa7EztK2U3RyaWtlclM=/7955/111-Nzk1NTExMQ==.jpg
0002,113,http://imgs.juheapi.com/comic_xin/xKe3qMnZxa7EztK2U3RyaWtlclM=/7955/112-Nzk1NTExMg==.jpg
0002,114,http://imgs.juheapi.com/comic_xin/xKe3qMnZxa7EztK2U3RyaWtlclM=/7955/113-Nzk1NTExMw==.jpg
0002,115,http://imgs.juheapi.com/comic_xin/xKe3qMnZxa7EztK2U3RyaWtlclM=/7955/114-Nzk1NTExNA==.jpg
0002,116,http://imgs.juheapi.com/comic_xin/xKe3qMnZxa7EztK2U3RyaWtlclM=/7955/115-Nzk1NTExNQ==.jpg
0002,117,http://imgs.juheapi.com/comic_xin/xKe3qMnZxa7EztK2U3RyaWtlclM=/7955/116-Nzk1NTExNg==.jpg
0002,118,http://imgs.juheapi.com/comic_xin/xKe3qMnZxa7EztK2U3RyaWtlclM=/7955/117-Nzk1NTExNw==.jpg
0002,119,http://imgs.juheapi.com/comic_xin/xKe3qMnZxa7EztK2U3RyaWtlclM=/7955/118-Nzk1NTExOA==.jpg
0002,120,http://imgs.juheapi.com/comic_xin/xKe3qMnZxa7EztK2U3RyaWtlclM=/7955/119-Nzk1NTExOQ==.jpg
0002,121,http://imgs.juheapi.com/comic_xin/xKe3qMnZxa7EztK2U3RyaWtlclM=/7955/120-Nzk1NTEyMA==.jpg
0002,122,http://imgs.juheapi.com/comic_xin/xKe3qMnZxa7EztK2U3RyaWtlclM=/7955/121-Nzk1NTEyMQ==.jpg
0002,123,http://imgs.juheapi.com/comic_xin/xKe3qMnZxa7EztK2U3RyaWtlclM=/7955/122-Nzk1NTEyMg==.jpg
0002,124,http://imgs.juheapi.com/comic_xin/xKe3qMnZxa7EztK2U3RyaWtlclM=/7955/123-Nzk1NTEyMw==.jpg
0002,125,http://imgs.juheapi.com/comic_xin/xKe3qMnZxa7EztK2U3RyaWtlclM=/7955/124-Nzk1NTEyNA==.jpg
0002,126,http://imgs.juheapi.com/comic_xin/xKe3qMnZxa7EztK2U3RyaWtlclM=/7955/125-Nzk1NTEyNQ==.jpg
0002,127,http://imgs.juheapi.com/comic_xin/xKe3qMnZxa7EztK2U3RyaWtlclM=/7955/126-Nzk1NTEyNg==.jpg
0002,128,http://imgs.juheapi.com/comic_xin/xKe3qMnZxa7EztK2U3RyaWtlclM=/7955/127-Nzk1NTEyNw==.jpg
0002,129,http://imgs.juheapi.com/comic_xin/xKe3qMnZxa7EztK2U3RyaWtlclM=/7955/128-Nzk1NTEyOA==.jpg
0002,130,http://imgs.juheapi.com/comic_xin/xKe3qMnZxa7EztK2U3RyaWtlclM=/7955/129-Nzk1NTEyOQ==.jpg
0002,131,http://imgs.juheapi.com/comic_xin/xKe3qMnZxa7EztK2U3RyaWtlclM=/7955/130-Nzk1NTEzMA==.jpg
0002,132,http://imgs.juheapi.com/comic_xin/xKe3qMnZxa7EztK2U3RyaWtlclM=/7955/131-Nzk1NTEzMQ==.jpg
0002,133,http://imgs.juheapi.com/comic_xin/xKe3qMnZxa7EztK2U3RyaWtlclM=/7955/132-Nzk1NTEzMg==.jpg
0002,134,http://imgs.juheapi.com/comic_xin/xKe3qMnZxa7EztK2U3RyaWtlclM=/7955/133-Nzk1NTEzMw==.jpg
0002,135,http://imgs.juheapi.com/comic_xin/xKe3qMnZxa7EztK2U3RyaWtlclM=/7955/134-Nzk1NTEzNA==.jpg
0002,136,http://imgs.juheapi.com/comic_xin/xKe3qMnZxa7EztK2U3RyaWtlclM=/7955/135-Nzk1NTEzNQ==.jpg
0002,137,http://imgs.juheapi.com/comic_xin/xKe3qMnZxa7EztK2U3RyaWtlclM=/7955/136-Nzk1NTEzNg==.jpg
0002,138,http://imgs.juheapi.com/comic_xin/xKe3qMnZxa7EztK2U3RyaWtlclM=/7955/137-Nzk1NTEzNw==.jpg
0002,139,http://imgs.juheapi.com/comic_xin/xKe3qMnZxa7EztK2U3RyaWtlclM=/7955/138-Nzk1NTEzOA==.jpg
0002,140,http://imgs.juheapi.com/comic_xin/xKe3qMnZxa7EztK2U3RyaWtlclM=/7955/139-Nzk1NTEzOQ==.jpg
0002,141,http://imgs.juheapi.com/comic_xin/xKe3qMnZxa7EztK2U3RyaWtlclM=/7955/140-Nzk1NTE0MA==.jpg
0002,142,http://imgs.juheapi.com/comic_xin/xKe3qMnZxa7EztK2U3RyaWtlclM=/7955/141-Nzk1NTE0MQ==.jpg
0002,143,http://imgs.juheapi.com/comic_xin/xKe3qMnZxa7EztK2U3RyaWtlclM=/7955/142-Nzk1NTE0Mg==.jpg
0002,144,http://imgs.juheapi.com/comic_xin/xKe3qMnZxa7EztK2U3RyaWtlclM=/7955/143-Nzk1NTE0Mw==.jpg
0002,145,http://imgs.juheapi.com/comic_xin/xKe3qMnZxa7EztK2U3RyaWtlclM=/7955/144-Nzk1NTE0NA==.jpg
0002,146,http://imgs.juheapi.com/comic_xin/xKe3qMnZxa7EztK2U3RyaWtlclM=/7955/145-Nzk1NTE0NQ==.jpg
0002,147,http://imgs.juheapi.com/comic_xin/xKe3qMnZxa7EztK2U3RyaWtlclM=/7955/146-Nzk1NTE0Ng==.jpg
0002,148,http://imgs.juheapi.com/comic_xin/xKe3qMnZxa7EztK2U3RyaWtlclM=/7955/147-Nzk1NTE0Nw==.jpg
0002,149,http://imgs.juheapi.com/comic_xin/xKe3qMnZxa7EztK2U3RyaWtlclM=/7955/148-Nzk1NTE0OA==.jpg
0002,150,http://imgs.juheapi.com/comic_xin/xKe3qMnZxa7EztK2U3RyaWtlclM=/7955/149-Nzk1NTE0OQ==.jpg
0002,151,http://imgs.juheapi.com/comic_xin/xKe3qMnZxa7EztK2U3RyaWtlclM=/7955/150-Nzk1NTE1MA==.jpg
0002,152,http://imgs.juheapi.com/comic_xin/xKe3qMnZxa7EztK2U3RyaWtlclM=/7955/151-Nzk1NTE1MQ==.jpg
0002,153,http://imgs.juheapi.com/comic_xin/xKe3qMnZxa7EztK2U3RyaWtlclM=/7955/152-Nzk1NTE1Mg==.jpg
0002,154,http://imgs.juheapi.com/comic_xin/xKe3qMnZxa7EztK2U3RyaWtlclM=/7955/153-Nzk1NTE1Mw==.jpg
0002,155,http://imgs.juheapi.com/comic_xin/xKe3qMnZxa7EztK2U3RyaWtlclM=/7955/154-Nzk1NTE1NA==.jpg
0002,156,http://imgs.juheapi.com/comic_xin/xKe3qMnZxa7EztK2U3RyaWtlclM=/7955/155-Nzk1NTE1NQ==.jpg
0002,157,http://imgs.juheapi.com/comic_xin/xKe3qMnZxa7EztK2U3RyaWtlclM=/7955/156-Nzk1NTE1Ng==.jpg
0002,158,http://imgs.juheapi.com/comic_xin/xKe3qMnZxa7EztK2U3RyaWtlclM=/7955/157-Nzk1NTE1Nw==.jpg
0002,159,http://imgs.juheapi.com/comic_xin/xKe3qMnZxa7EztK2U3RyaWtlclM=/7955/158-Nzk1NTE1OA==.jpg
0002,160,http://imgs.juheapi.com/comic_xin/xKe3qMnZxa7EztK2U3RyaWtlclM=/7955/159-Nzk1NTE1OQ==.jpg
0002,161,http://imgs.juheapi.com/comic_xin/xKe3qMnZxa7EztK2U3RyaWtlclM=/7955/160-Nzk1NTE2MA==.jpg
0002,162,http://imgs.juheapi.com/comic_xin/xKe3qMnZxa7EztK2U3RyaWtlclM=/7955/161-Nzk1NTE2MQ==.jpg
0002,163,http://imgs.juheapi.com/comic_xin/xKe3qMnZxa7EztK2U3RyaWtlclM=/7955/162-Nzk1NTE2Mg==.jpg
0002,164,http://imgs.juheapi.com/comic_xin/xKe3qMnZxa7EztK2U3RyaWtlclM=/7955/163-Nzk1NTE2Mw==.jpg
0002,165,http://imgs.juheapi.com/comic_xin/xKe3qMnZxa7EztK2U3RyaWtlclM=/7955/164-Nzk1NTE2NA==.jpg
0002,166,http://imgs.juheapi.com/comic_xin/xKe3qMnZxa7EztK2U3RyaWtlclM=/7955/165-Nzk1NTE2NQ==.jpg
0002,167,http://imgs.juheapi.com/comic_xin/xKe3qMnZxa7EztK2U3RyaWtlclM=/7955/166-Nzk1NTE2Ng==.jpg
0002,168,http://imgs.juheapi.com/comic_xin/xKe3qMnZxa7EztK2U3RyaWtlclM=/7955/167-Nzk1NTE2Nw==.jpg
0002,169,http://imgs.juheapi.com/comic_xin/xKe3qMnZxa7EztK2U3RyaWtlclM=/7955/168-Nzk1NTE2OA==.jpg
0002,170,http://imgs.juheapi.com/comic_xin/xKe3qMnZxa7EztK2U3RyaWtlclM=/7955/169-Nzk1NTE2OQ==.jpg
0002,171,http://imgs.juheapi.com/comic_xin/xKe3qMnZxa7EztK2U3RyaWtlclM=/7955/170-Nzk1NTE3MA==.jpg
0002,172,http://imgs.juheapi.com/comic_xin/xKe3qMnZxa7EztK2U3RyaWtlclM=/7955/171-Nzk1NTE3MQ==.jpg
0002,173,http://imgs.juheapi.com/comic_xin/xKe3qMnZxa7EztK2U3RyaWtlclM=/7955/172-Nzk1NTE3Mg==.jpg
0002,174,http://imgs.juheapi.com/comic_xin/xKe3qMnZxa7EztK2U3RyaWtlclM=/7955/173-Nzk1NTE3Mw==.jpg
0002,175,http://imgs.juheapi.com/comic_xin/xKe3qMnZxa7EztK2U3RyaWtlclM=/7955/174-Nzk1NTE3NA==.jpg
0002,176,http://imgs.juheapi.com/comic_xin/xKe3qMnZxa7EztK2U3RyaWtlclM=/7955/175-Nzk1NTE3NQ==.jpg
0002,177,http://imgs.juheapi.com/comic_xin/xKe3qMnZxa7EztK2U3RyaWtlclM=/7955/176-Nzk1NTE3Ng==.jpg
0003,1,http://imgs.juheapi.com/comic_xin/xKe3qMnZxa7EztK2U3RyaWtlclM=/24413/0-MjQ0MTMw.jpg
0003,2,http://imgs.juheapi.com/comic_xin/xKe3qMnZxa7EztK2U3RyaWtlclM=/24413/1-MjQ0MTMx.jpg
0003,3,http://imgs.juheapi.com/comic_xin/xKe3qMnZxa7EztK2U3RyaWtlclM=/24413/2-MjQ0MTMy.jpg
0003,4,http://imgs.juheapi.com/comic_xin/xKe3qMnZxa7EztK2U3RyaWtlclM=/24413/3-MjQ0MTMz.jpg
0003,5,http://imgs.juheapi.com/comic_xin/xKe3qMnZxa7EztK2U3RyaWtlclM=/24413/4-MjQ0MTM0.jpg
0003,6,http://imgs.juheapi.com/comic_xin/xKe3qMnZxa7EztK2U3RyaWtlclM=/24413/5-MjQ0MTM1.jpg
0003,7,http://imgs.juheapi.com/comic_xin/xKe3qMnZxa7EztK2U3RyaWtlclM=/24413/6-MjQ0MTM2.jpg
0003,8,http://imgs.juheapi.com/comic_xin/xKe3qMnZxa7EztK2U3RyaWtlclM=/24413/7-MjQ0MTM3.jpg
0003,9,http://imgs.juheapi.com/comic_xin/xKe3qMnZxa7EztK2U3RyaWtlclM=/24413/8-MjQ0MTM4.jpg
0003,10,http://imgs.juheapi.com/comic_xin/xKe3qMnZxa7EztK2U3RyaWtlclM=/24413/9-MjQ0MTM5.jpg
0003,11,http://imgs.juheapi.com/comic_xin/xKe3qMnZxa7EztK2U3RyaWtlclM=/24413/10-MjQ0MTMxMA==.jpg
0003,12,http://imgs.juheapi.com/comic_xin/xKe3qMnZxa7EztK2U3RyaWtlclM=/24413/11-MjQ0MTMxMQ==.jpg
0003,13,http://imgs.juheapi.com/comic_xin/xKe3qMnZxa7EztK2U3RyaWtlclM=/24413/12-MjQ0MTMxMg==.jpg
0003,14,http://imgs.juheapi.com/comic_xin/xKe3qMnZxa7EztK2U3RyaWtlclM=/24413/13-MjQ0MTMxMw==.jpg
0003,15,http://imgs.juheapi.com/comic_xin/xKe3qMnZxa7EztK2U3RyaWtlclM=/24413/14-MjQ0MTMxNA==.jpg
0003,16,http://imgs.juheapi.com/comic_xin/xKe3qMnZxa7EztK2U3RyaWtlclM=/24413/15-MjQ0MTMxNQ==.jpg
0003,17,http://imgs.juheapi.com/comic_xin/xKe3qMnZxa7EztK2U3RyaWtlclM=/24413/16-MjQ0MTMxNg==.jpg
0003,18,http://imgs.juheapi.com/comic_xin/xKe3qMnZxa7EztK2U3RyaWtlclM=/24413/17-MjQ0MTMxNw==.jpg
0003,19,http://imgs.juheapi.com/comic_xin/xKe3qMnZxa7EztK2U3RyaWtlclM=/24413/18-MjQ0MTMxOA==.jpg
0003,20,http://imgs.juheapi.com/comic_xin/xKe3qMnZxa7EztK2U3RyaWtlclM=/24413/19-MjQ0MTMxOQ==.jpg
0003,21,http://imgs.juheapi.com/comic_xin/xKe3qMnZxa7EztK2U3RyaWtlclM=/24413/20-MjQ0MTMyMA==.jpg
0003,22,http://imgs.juheapi.com/comic_xin/xKe3qMnZxa7EztK2U3RyaWtlclM=/24413/21-MjQ0MTMyMQ==.jpg
0003,23,http://imgs.juheapi.com/comic_xin/xKe3qMnZxa7EztK2U3RyaWtlclM=/24413/22-MjQ0MTMyMg==.jpg
0003,24,http://imgs.juheapi.com/comic_xin/xKe3qMnZxa7EztK2U3RyaWtlclM=/24413/23-MjQ0MTMyMw==.jpg
0003,25,http://imgs.juheapi.com/comic_xin/xKe3qMnZxa7EztK2U3RyaWtlclM=/24413/24-MjQ0MTMyNA==.jpg
0003,26,http://imgs.juheapi.com/comic_xin/xKe3qMnZxa7EztK2U3RyaWtlclM=/24413/25-MjQ0MTMyNQ==.jpg
0003,27,http://imgs.juheapi.com/comic_xin/xKe3qMnZxa7EztK2U3RyaWtlclM=/24413/26-MjQ0MTMyNg==.jpg
0003,28,http://imgs.juheapi.com/comic_xin/xKe3qMnZxa7EztK2U3RyaWtlclM=/24413/27-MjQ0MTMyNw==.jpg
0003,29,http://imgs.juheapi.com/comic_xin/xKe3qMnZxa7EztK2U3RyaWtlclM=/24413/28-MjQ0MTMyOA==.jpg
0003,30,http://imgs.juheapi.com/comic_xin/xKe3qMnZxa7EztK2U3RyaWtlclM=/24413/29-MjQ0MTMyOQ==.jpg
0003,31,http://imgs.juheapi.com/comic_xin/xKe3qMnZxa7EztK2U3RyaWtlclM=/24413/30-MjQ0MTMzMA==.jpg
0003,32,http://imgs.juheapi.com/comic_xin/xKe3qMnZxa7EztK2U3RyaWtlclM=/24413/31-MjQ0MTMzMQ==.jpg
0004,1,http://imgs.juheapi.com/comic_xin/xKe3qMnZxa7EztK2U3RyaWtlclM=/189956/0-MTg5OTU2MA==.jpg
0004,2,http://imgs.juheapi.com/comic_xin/xKe3qMnZxa7EztK2U3RyaWtlclM=/189956/1-MTg5OTU2MQ==.jpg
0004,3,http://imgs.juheapi.com/comic_xin/xKe3qMnZxa7EztK2U3RyaWtlclM=/189956/2-MTg5OTU2Mg==.jpg
0004,4,http://imgs.juheapi.com/comic_xin/xKe3qMnZxa7EztK2U3RyaWtlclM=/189956/3-MTg5OTU2Mw==.jpg
0004,5,http://imgs.juheapi.com/comic_xin/xKe3qMnZxa7EztK2U3RyaWtlclM=/189956/4-MTg5OTU2NA==.jpg
0004,6,http://imgs.juheapi.com/comic_xin/xKe3qMnZxa7EztK2U3RyaWtlclM=/189956/5-MTg5OTU2NQ==.jpg
0004,7,http://imgs.juheapi.com/comic_xin/xKe3qMnZxa7EztK2U3RyaWtlclM=/189956/6-MTg5OTU2Ng==.jpg
0004,8,http://imgs.juheapi.com/comic_xin/xKe3qMnZxa7EztK2U3RyaWtlclM=/189956/7-MTg5OTU2Nw==.jpg
0004,9,http://imgs.juheapi.com/comic_xin/xKe3qMnZxa7EztK2U3RyaWtlclM=/189956/8-MTg5OTU2OA==.jpg
0004,10,http://imgs.juheapi.com/comic_xin/xKe3qMnZxa7EztK2U3RyaWtlclM=/189956/9-MTg5OTU2OQ==.jpg
0004,11,http://imgs.juheapi.com/comic_xin/xKe3qMnZxa7EztK2U3RyaWtlclM=/189956/10-MTg5OTU2MTA=.jpg
0004,12,http://imgs.juheapi.com/comic_xin/xKe3qMnZxa7EztK2U3RyaWtlclM=/189956/11-MTg5OTU2MTE=.jpg
0004,13,http://imgs.juheapi.com/comic_xin/xKe3qMnZxa7EztK2U3RyaWtlclM=/189956/12-MTg5OTU2MTI=.jpg
0004,14,http://imgs.juheapi.com/comic_xin/xKe3qMnZxa7EztK2U3RyaWtlclM=/189956/13-MTg5OTU2MTM=.jpg
0004,15,http://imgs.juheapi.com/comic_xin/xKe3qMnZxa7EztK2U3RyaWtlclM=/189956/14-MTg5OTU2MTQ=.jpg
0004,16,http://imgs.juheapi.com/comic_xin/xKe3qMnZxa7EztK2U3RyaWtlclM=/189956/15-MTg5OTU2MTU=.jpg
0004,17,http://imgs.juheapi.com/comic_xin/xKe3qMnZxa7EztK2U3RyaWtlclM=/189956/16-MTg5OTU2MTY=.jpg
0004,18,http://imgs.juheapi.com/comic_xin/xKe3qMnZxa7EztK2U3RyaWtlclM=/189956/17-MTg5OTU2MTc=.jpg
0004,19,http://imgs.juheapi.com/comic_xin/xKe3qMnZxa7EztK2U3RyaWtlclM=/189956/18-MTg5OTU2MTg=.jpg
0004,20,http://imgs.juheapi.com/comic_xin/xKe3qMnZxa7EztK2U3RyaWtlclM=/189956/19-MTg5OTU2MTk=.jpg
0004,21,http://imgs.juheapi.com/comic_xin/xKe3qMnZxa7EztK2U3RyaWtlclM=/189956/20-MTg5OTU2MjA=.jpg
0004,22,http://imgs.juheapi.com/comic_xin/xKe3qMnZxa7EztK2U3RyaWtlclM=/189956/21-MTg5OTU2MjE=.jpg
0004,23,http://imgs.juheapi.com/comic_xin/xKe3qMnZxa7EztK2U3RyaWtlclM=/189956/22-MTg5OTU2MjI=.jpg
0004,24,http://imgs.juheapi.com/comic_xin/xKe3qMnZxa7EztK2U3RyaWtlclM=/189956/23-MTg5OTU2MjM=.jpg
0004,25,http://imgs.juheapi.com/comic_xin/xKe3qMnZxa7EztK2U3RyaWtlclM=/189956/24-MTg5OTU2MjQ=.jpg
0004,26,http://imgs.juheapi.com/comic_xin/xKe3qMnZxa7EztK2U3RyaWtlclM=/189956/25-MTg5OTU2MjU=.jpg
0004,27,http://imgs.juheapi.com/comic_xin/xKe3qMnZxa7EztK2U3RyaWtlclM=/189956/26-MTg5OTU2MjY=.jpg
0004,28,http://imgs.juheapi.com/comic_xin/xKe3qMnZxa7EztK2U3RyaWtlclM=/189956/27-MTg5OTU2Mjc=.jpg
0004,29,http://imgs.juheapi.com/comic_xin/xKe3qMnZxa7EztK2U3RyaWtlclM=/189956/28-MTg5OTU2Mjg=.jpg
0004,30,http://imgs.juheapi.com/comic_xin/xKe3qMnZxa7EztK2U3RyaWtlclM=/189956/29-MTg5OTU2Mjk=.jpg
0004,31,http://imgs.juheapi.com/comic_xin/xKe3qMnZxa7EztK2U3RyaWtlclM=/189956/30-MTg5OTU2MzA=.jpg
0004,32,http://imgs.juheapi.com/comic_xin/xKe3qMnZxa7EztK2U3RyaWtlclM=/189956/31-MTg5OTU2MzE=.jpg
0005,1,http://imgs.juheapi.com/comic_xin/xKe3qMnZxa7EztK2U3RyaWtlclM=/189958/0-MTg5OTU4MA==.jpg
0005,2,http://imgs.juheapi.com/comic_xin/xKe3qMnZxa7EztK2U3RyaWtlclM=/189958/1-MTg5OTU4MQ==.jpg
0005,3,http://imgs.juheapi.com/comic_xin/xKe3qMnZxa7EztK2U3RyaWtlclM=/189958/2-MTg5OTU4Mg==.jpg
0005,4,http://imgs.juheapi.com/comic_xin/xKe3qMnZxa7EztK2U3RyaWtlclM=/189958/3-MTg5OTU4Mw==.jpg
0005,5,http://imgs.juheapi.com/comic_xin/xKe3qMnZxa7EztK2U3RyaWtlclM=/189958/4-MTg5OTU4NA==.jpg
0005,6,http://imgs.juheapi.com/comic_xin/xKe3qMnZxa7EztK2U3RyaWtlclM=/189958/5-MTg5OTU4NQ==.jpg
0005,7,http://imgs.juheapi.com/comic_xin/xKe3qMnZxa7EztK2U3RyaWtlclM=/189958/6-MTg5OTU4Ng==.jpg
0005,8,http://imgs.juheapi.com/comic_xin/xKe3qMnZxa7EztK2U3RyaWtlclM=/189958/7-MTg5OTU4Nw==.jpg
0005,9,http://imgs.juheapi.com/comic_xin/xKe3qMnZxa7EztK2U3RyaWtlclM=/189958/8-MTg5OTU4OA==.jpg
0005,10,http://imgs.juheapi.com/comic_xin/xKe3qMnZxa7EztK2U3RyaWtlclM=/189958/9-MTg5OTU4OQ==.jpg
0005,11,http://imgs.juheapi.com/comic_xin/xKe3qMnZxa7EztK2U3RyaWtlclM=/189958/10-MTg5OTU4MTA=.jpg
0005,12,http://imgs.juheapi.com/comic_xin/xKe3qMnZxa7EztK2U3RyaWtlclM=/189958/11-MTg5OTU4MTE=.jpg
0005,13,http://imgs.juheapi.com/comic_xin/xKe3qMnZxa7EztK2U3RyaWtlclM=/189958/12-MTg5OTU4MTI=.jpg
0005,14,http://imgs.juheapi.com/comic_xin/xKe3qMnZxa7EztK2U3RyaWtlclM=/189958/13-MTg5OTU4MTM=.jpg
0005,15,http://imgs.juheapi.com/comic_xin/xKe3qMnZxa7EztK2U3RyaWtlclM=/189958/14-MTg5OTU4MTQ=.jpg
0005,16,http://imgs.juheapi.com/comic_xin/xKe3qMnZxa7EztK2U3RyaWtlclM=/189958/15-MTg5OTU4MTU=.jpg
0005,17,http://imgs.juheapi.com/comic_xin/xKe3qMnZxa7EztK2U3RyaWtlclM=/189958/16-MTg5OTU4MTY=.jpg
0005,18,http://imgs.juheapi.com/comic_xin/xKe3qMnZxa7EztK2U3RyaWtlclM=/189958/17-MTg5OTU4MTc=.jpg
0005,19,http://imgs.juheapi.com/comic_xin/xKe3qMnZxa7EztK2U3RyaWtlclM=/189958/18-MTg5OTU4MTg=.jpg
0005,20,http://imgs.juheapi.com/comic_xin/xKe3qMnZxa7EztK2U3RyaWtlclM=/189958/19-MTg5OTU4MTk=.jpg
0005,21,http://imgs.juheapi.com/comic_xin/xKe3qMnZxa7EztK2U3RyaWtlclM=/189958/20-MTg5OTU4MjA=.jpg
0005,22,http://imgs.juheapi.com/comic_xin/xKe3qMnZxa7EztK2U3RyaWtlclM=/189958/21-MTg5OTU4MjE=.jpg
0005,23,http://imgs.juheapi.com/comic_xin/xKe3qMnZxa7EztK2U3RyaWtlclM=/189958/22-MTg5OTU4MjI=.jpg
0005,24,http://imgs.juheapi.com/comic_xin/xKe3qMnZxa7EztK2U3RyaWtlclM=/189958/23-MTg5OTU4MjM=.jpg
0006,1,http://imgs.juheapi.com/comic_xin/xKe3qMnZxa7EztK2U3RyaWtlclM=/189960/0-MTg5OTYwMA==.jpg
0006,2,http://imgs.juheapi.com/comic_xin/xKe3qMnZxa7EztK2U3RyaWtlclM=/189960/1-MTg5OTYwMQ==.jpg
0006,3,http://imgs.juheapi.com/comic_xin/xKe3qMnZxa7EztK2U3RyaWtlclM=/189960/2-MTg5OTYwMg==.jpg
0006,4,http://imgs.juheapi.com/comic_xin/xKe3qMnZxa7EztK2U3RyaWtlclM=/189960/3-MTg5OTYwMw==.jpg
0006,5,http://imgs.juheapi.com/comic_xin/xKe3qMnZxa7EztK2U3RyaWtlclM=/189960/4-MTg5OTYwNA==.jpg
0006,6,http://imgs.juheapi.com/comic_xin/xKe3qMnZxa7EztK2U3RyaWtlclM=/189960/5-MTg5OTYwNQ==.jpg
0006,7,http://imgs.juheapi.com/comic_xin/xKe3qMnZxa7EztK2U3RyaWtlclM=/189960/6-MTg5OTYwNg==.jpg
0006,8,http://imgs.juheapi.com/comic_xin/xKe3qMnZxa7EztK2U3RyaWtlclM=/189960/7-MTg5OTYwNw==.jpg
0006,9,http://imgs.juheapi.com/comic_xin/xKe3qMnZxa7EztK2U3RyaWtlclM=/189960/8-MTg5OTYwOA==.jpg
0006,10,http://imgs.juheapi.com/comic_xin/xKe3qMnZxa7EztK2U3RyaWtlclM=/189960/9-MTg5OTYwOQ==.jpg
0006,11,http://imgs.juheapi.com/comic_xin/xKe3qMnZxa7EztK2U3RyaWtlclM=/189960/10-MTg5OTYwMTA=.jpg
0006,12,http://imgs.juheapi.com/comic_xin/xKe3qMnZxa7EztK2U3RyaWtlclM=/189960/11-MTg5OTYwMTE=.jpg
0006,13,http://imgs.juheapi.com/comic_xin/xKe3qMnZxa7EztK2U3RyaWtlclM=/189960/12-MTg5OTYwMTI=.jpg
0006,14,http://imgs.juheapi.com/comic_xin/xKe3qMnZxa7EztK2U3RyaWtlclM=/189960/13-MTg5OTYwMTM=.jpg
0006,15,http://imgs.juheapi.com/comic_xin/xKe3qMnZxa7EztK2U3RyaWtlclM=/189960/14-MTg5OTYwMTQ=.jpg
0006,16,http://imgs.juheapi.com/comic_xin/xKe3qMnZxa7EztK2U3RyaWtlclM=/189960/15-MTg5OTYwMTU=.jpg
0006,17,http://imgs.juheapi.com/comic_xin/xKe3qMnZxa7EztK2U3RyaWtlclM=/189960/16-MTg5OTYwMTY=.jpg
0006,18,http://imgs.juheapi.com/comic_xin/xKe3qMnZxa7EztK2U3RyaWtlclM=/189960/17-MTg5OTYwMTc=.jpg
0006,19,http://imgs.juheapi.com/comic_xin/xKe3qMnZxa7EztK2U3RyaWtlclM=/189960/18-MTg5OTYwMTg=.jpg
0006,20,http://imgs.juheapi.com/comic_xin/xKe3qMnZxa7EztK2U3RyaWtlclM=/189960/19-MTg5OTYwMTk=.jpg
0006,21,http://imgs.juheapi.com/comic_xin/xKe3qMnZxa7EztK2U3RyaWtlclM=/189960/20-MTg5OTYwMjA=.jpg
0006,22,http://imgs.juheapi.com/comic_xin/xKe3qMnZxa7EztK2U3RyaWtlclM=/189960/21-MTg5OTYwMjE=.jpg
0006,23,http://imgs.juheapi.com/comic_xin/xKe3qMnZxa7EztK2U3RyaWtlclM=/189960/22-MTg5OTYwMjI=.jpg
0006,24,http://imgs.juheapi.com/comic_xin/xKe3qMnZxa7EztK2U3RyaWtlclM=/189960/23-MTg5OTYwMjM=.jpg
0007,1,http://imgs.juheapi.com/comic_xin/xKe3qMnZxa7EztK2U3RyaWtlclM=/189962/0-MTg5OTYyMA==.jpg
0007,2,http://imgs.juheapi.com/comic_xin/xKe3qMnZxa7EztK2U3RyaWtlclM=/189962/1-MTg5OTYyMQ==.jpg
0007,3,http://imgs.juheapi.com/comic_xin/xKe3qMnZxa7EztK2U3RyaWtlclM=/189962/2-MTg5OTYyMg==.jpg
0007,4,http://imgs.juheapi.com/comic_xin/xKe3qMnZxa7EztK2U3RyaWtlclM=/189962/3-MTg5OTYyMw==.jpg
0007,5,http://imgs.juheapi.com/comic_xin/xKe3qMnZxa7EztK2U3RyaWtlclM=/189962/4-MTg5OTYyNA==.jpg
0007,6,http://imgs.juheapi.com/comic_xin/xKe3qMnZxa7EztK2U3RyaWtlclM=/189962/5-MTg5OTYyNQ==.jpg
0007,7,http://imgs.juheapi.com/comic_xin/xKe3qMnZxa7EztK2U3RyaWtlclM=/189962/6-MTg5OTYyNg==.jpg
0007,8,http://imgs.juheapi.com/comic_xin/xKe3qMnZxa7EztK2U3RyaWtlclM=/189962/7-MTg5OTYyNw==.jpg
0007,9,http://imgs.juheapi.com/comic_xin/xKe3qMnZxa7EztK2U3RyaWtlclM=/189962/8-MTg5OTYyOA==.jpg
0007,10,http://imgs.juheapi.com/comic_xin/xKe3qMnZxa7EztK2U3RyaWtlclM=/189962/9-MTg5OTYyOQ==.jpg
0007,11,http://imgs.juheapi.com/comic_xin/xKe3qMnZxa7EztK2U3RyaWtlclM=/189962/10-MTg5OTYyMTA=.jpg
0007,12,http://imgs.juheapi.com/comic_xin/xKe3qMnZxa7EztK2U3RyaWtlclM=/189962/11-MTg5OTYyMTE=.jpg
0007,13,http://imgs.juheapi.com/comic_xin/xKe3qMnZxa7EztK2U3RyaWtlclM=/189962/12-MTg5OTYyMTI=.jpg
0007,14,http://imgs.juheapi.com/comic_xin/xKe3qMnZxa7EztK2U3RyaWtlclM=/189962/13-MTg5OTYyMTM=.jpg
0007,15,http://imgs.juheapi.com/comic_xin/xKe3qMnZxa7EztK2U3RyaWtlclM=/189962/14-MTg5OTYyMTQ=.jpg
0007,16,http://imgs.juheapi.com/comic_xin/xKe3qMnZxa7EztK2U3RyaWtlclM=/189962/15-MTg5OTYyMTU=.jpg
0007,17,http://imgs.juheapi.com/comic_xin/xKe3qMnZxa7EztK2U3RyaWtlclM=/189962/16-MTg5OTYyMTY=.jpg
0007,18,http://imgs.juheapi.com/comic_xin/xKe3qMnZxa7EztK2U3RyaWtlclM=/189962/17-MTg5OTYyMTc=.jpg
0007,19,http://imgs.juheapi.com/comic_xin/xKe3qMnZxa7EztK2U3RyaWtlclM=/189962/18-MTg5OTYyMTg=.jpg
0007,20,http://imgs.juheapi.com/comic_xin/xKe3qMnZxa7EztK2U3RyaWtlclM=/189962/19-MTg5OTYyMTk=.jpg
0007,21,http://imgs.juheapi.com/comic_xin/xKe3qMnZxa7EztK2U3RyaWtlclM=/189962/20-MTg5OTYyMjA=.jpg
0007,22,http://imgs.juheapi.com/comic_xin/xKe3qMnZxa7EztK2U3RyaWtlclM=/189962/21-MTg5OTYyMjE=.jpg
0007,23,http://imgs.juheapi.com/comic_xin/xKe3qMnZxa7EztK2U3RyaWtlclM=/189962/22-MTg5OTYyMjI=.jpg
0007,24,http://imgs.juheapi.com/comic_xin/xKe3qMnZxa7EztK2U3RyaWtlclM=/189962/23-MTg5OTYyMjM=.jpg
0008,1,http://imgs.juheapi.com/comic_xin/xKe3qMnZxa7EztK2U3RyaWtlclM=/189963/0-MTg5OTYzMA==.jpg
0008,2,http://imgs.juheapi.com/comic_xin/xKe3qMnZxa7EztK2U3RyaWtlclM=/189963/1-MTg5OTYzMQ==.jpg
0008,3,http://imgs.juheapi.com/comic_xin/xKe3qMnZxa7EztK2U3RyaWtlclM=/189963/2-MTg5OTYzMg==.jpg
0008,4,http://imgs.juheapi.com/comic_xin/xKe3qMnZxa7EztK2U3RyaWtlclM=/189963/3-MTg5OTYzMw==.jpg
0008,5,http://imgs.juheapi.com/comic_xin/xKe3qMnZxa7EztK2U3RyaWtlclM=/189963/4-MTg5OTYzNA==.jpg
0008,6,http://imgs.juheapi.com/comic_xin/xKe3qMnZxa7EztK2U3RyaWtlclM=/189963/5-MTg5OTYzNQ==.jpg
0008,7,http://imgs.juheapi.com/comic_xin/xKe3qMnZxa7EztK2U3RyaWtlclM=/189963/6-MTg5OTYzNg==.jpg
0008,8,http://imgs.juheapi.com/comic_xin/xKe3qMnZxa7EztK2U3RyaWtlclM=/189963/7-MTg5OTYzNw==.jpg
0008,9,http://imgs.juheapi.com/comic_xin/xKe3qMnZxa7EztK2U3RyaWtlclM=/189963/8-MTg5OTYzOA==.jpg
0008,10,http://imgs.juheapi.com/comic_xin/xKe3qMnZxa7EztK2U3RyaWtlclM=/189963/9-MTg5OTYzOQ==.jpg
0008,11,http://imgs.juheapi.com/comic_xin/xKe3qMnZxa7EztK2U3RyaWtlclM=/189963/10-MTg5OTYzMTA=.jpg
0008,12,http://imgs.juheapi.com/comic_xin/xKe3qMnZxa7EztK2U3RyaWtlclM=/189963/11-MTg5OTYzMTE=.jpg
0008,13,http://imgs.juheapi.com/comic_xin/xKe3qMnZxa7EztK2U3RyaWtlclM=/189963/12-MTg5OTYzMTI=.jpg
0008,14,http://imgs.juheapi.com/comic_xin/xKe3qMnZxa7EztK2U3RyaWtlclM=/189963/13-MTg5OTYzMTM=.jpg
0008,15,http://imgs.juheapi.com/comic_xin/xKe3qMnZxa7EztK2U3RyaWtlclM=/189963/14-MTg5OTYzMTQ=.jpg
0008,16,http://imgs.juheapi.com/comic_xin/xKe3qMnZxa7EztK2U3RyaWtlclM=/189963/15-MTg5OTYzMTU=.jpg
0008,17,http://imgs.juheapi.com/comic_xin/xKe3qMnZxa7EztK2U3RyaWtlclM=/189963/16-MTg5OTYzMTY=.jpg
0008,18,http://imgs.juheapi.com/comic_xin/xKe3qMnZxa7EztK2U3RyaWtlclM=/189963/17-MTg5OTYzMTc=.jpg
0008,19,http://imgs.juheapi.com/comic_xin/xKe3qMnZxa7EztK2U3RyaWtlclM=/189963/18-MTg5OTYzMTg=.jpg
0008,20,http://imgs.juheapi.com/comic_xin/xKe3qMnZxa7EztK2U3RyaWtlclM=/189963/19-MTg5OTYzMTk=.jpg
0008,21,http://imgs.juheapi.com/comic_xin/xKe3qMnZxa7EztK2U3RyaWtlclM=/189963/20-MTg5OTYzMjA=.jpg
0008,22,http://imgs.juheapi.com/comic_xin/xKe3qMnZxa7EztK2U3RyaWtlclM=/189963/21-MTg5OTYzMjE=.jpg
0008,23,http://imgs.juheapi.com/comic_xin/xKe3qMnZxa7EztK2U3RyaWtlclM=/189963/22-MTg5OTYzMjI=.jpg
0008,24,http://imgs.juheapi.com/comic_xin/xKe3qMnZxa7EztK2U3RyaWtlclM=/189963/23-MTg5OTYzMjM=.jpg
0008,25,http://imgs.juheapi.com/comic_xin/xKe3qMnZxa7EztK2U3RyaWtlclM=/189963/24-MTg5OTYzMjQ=.jpg
0009,1,http://imgs.juheapi.com/comic_xin/xKe3qMnZxa7EztK2U3RyaWtlclM=/189965/0-MTg5OTY1MA==.jpg
0009,2,http://imgs.juheapi.com/comic_xin/xKe3qMnZxa7EztK2U3RyaWtlclM=/189965/1-MTg5OTY1MQ==.jpg
0009,3,http://imgs.juheapi.com/comic_xin/xKe3qMnZxa7EztK2U3RyaWtlclM=/189965/2-MTg5OTY1Mg==.jpg
0009,4,http://imgs.juheapi.com/comic_xin/xKe3qMnZxa7EztK2U3RyaWtlclM=/189965/3-MTg5OTY1Mw==.jpg
0009,5,http://imgs.juheapi.com/comic_xin/xKe3qMnZxa7EztK2U3RyaWtlclM=/189965/4-MTg5OTY1NA==.jpg
0009,6,http://imgs.juheapi.com/comic_xin/xKe3qMnZxa7EztK2U3RyaWtlclM=/189965/5-MTg5OTY1NQ==.jpg
0009,7,http://imgs.juheapi.com/comic_xin/xKe3qMnZxa7EztK2U3RyaWtlclM=/189965/6-MTg5OTY1Ng==.jpg
0009,8,http://imgs.juheapi.com/comic_xin/xKe3qMnZxa7EztK2U3RyaWtlclM=/189965/7-MTg5OTY1Nw==.jpg
0009,9,http://imgs.juheapi.com/comic_xin/xKe3qMnZxa7EztK2U3RyaWtlclM=/189965/8-MTg5OTY1OA==.jpg
0009,10,http://imgs.juheapi.com/comic_xin/xKe3qMnZxa7EztK2U3RyaWtlclM=/189965/9-MTg5OTY1OQ==.jpg
0009,11,http://imgs.juheapi.com/comic_xin/xKe3qMnZxa7EztK2U3RyaWtlclM=/189965/10-MTg5OTY1MTA=.jpg
0009,12,http://imgs.juheapi.com/comic_xin/xKe3qMnZxa7EztK2U3RyaWtlclM=/189965/11-MTg5OTY1MTE=.jpg
0009,13,http://imgs.juheapi.com/comic_xin/xKe3qMnZxa7EztK2U3RyaWtlclM=/189965/12-MTg5OTY1MTI=.jpg
0009,14,http://imgs.juheapi.com/comic_xin/xKe3qMnZxa7EztK2U3RyaWtlclM=/189965/13-MTg5OTY1MTM=.jpg
0009,15,http://imgs.juheapi.com/comic_xin/xKe3qMnZxa7EztK2U3RyaWtlclM=/189965/14-MTg5OTY1MTQ=.jpg
0009,16,http://imgs.juheapi.com/comic_xin/xKe3qMnZxa7EztK2U3RyaWtlclM=/189965/15-MTg5OTY1MTU=.jpg
0009,17,http://imgs.juheapi.com/comic_xin/xKe3qMnZxa7EztK2U3RyaWtlclM=/189965/16-MTg5OTY1MTY=.jpg
0009,18,http://imgs.juheapi.com/comic_xin/xKe3qMnZxa7EztK2U3RyaWtlclM=/189965/17-MTg5OTY1MTc=.jpg
0009,19,http://imgs.juheapi.com/comic_xin/xKe3qMnZxa7EztK2U3RyaWtlclM=/189965/18-MTg5OTY1MTg=.jpg
0009,20,http://imgs.juheapi.com/comic_xin/xKe3qMnZxa7EztK2U3RyaWtlclM=/189965/19-MTg5OTY1MTk=.jpg
0009,21,http://imgs.juheapi.com/comic_xin/xKe3qMnZxa7EztK2U3RyaWtlclM=/189965/20-MTg5OTY1MjA=.jpg
0009,22,http://imgs.juheapi.com/comic_xin/xKe3qMnZxa7EztK2U3RyaWtlclM=/189965/21-MTg5OTY1MjE=.jpg
0009,23,http://imgs.juheapi.com/comic_xin/xKe3qMnZxa7EztK2U3RyaWtlclM=/189965/22-MTg5OTY1MjI=.jpg
0009,24,http://imgs.juheapi.com/comic_xin/xKe3qMnZxa7EztK2U3RyaWtlclM=/189965/23-MTg5OTY1MjM=.jpg
0009,25,http://imgs.juheapi.com/comic_xin/xKe3qMnZxa7EztK2U3RyaWtlclM=/189965/24-MTg5OTY1MjQ=.jpg
0009,26,http://imgs.juheapi.com/comic_xin/xKe3qMnZxa7EztK2U3RyaWtlclM=/189965/25-MTg5OTY1MjU=.jpg
0010,1,http://imgs.juheapi.com/comic_xin/xKe3qMnZxa7EztK2U3RyaWtlclM=/189967/0-MTg5OTY3MA==.jpg
0010,2,http://imgs.juheapi.com/comic_xin/xKe3qMnZxa7EztK2U3RyaWtlclM=/189967/1-MTg5OTY3MQ==.jpg
0010,3,http://imgs.juheapi.com/comic_xin/xKe3qMnZxa7EztK2U3RyaWtlclM=/189967/2-MTg5OTY3Mg==.jpg
0010,4,http://imgs.juheapi.com/comic_xin/xKe3qMnZxa7EztK2U3RyaWtlclM=/189967/3-MTg5OTY3Mw==.jpg
0010,5,http://imgs.juheapi.com/comic_xin/xKe3qMnZxa7EztK2U3RyaWtlclM=/189967/4-MTg5OTY3NA==.jpg
0010,6,http://imgs.juheapi.com/comic_xin/xKe3qMnZxa7EztK2U3RyaWtlclM=/189967/5-MTg5OTY3NQ==.jpg
0010,7,http://imgs.juheapi.com/comic_xin/xKe3qMnZxa7EztK2U3RyaWtlclM=/189967/6-MTg5OTY3Ng==.jpg
0010,8,http://imgs.juheapi.com/comic_xin/xKe3qMnZxa7EztK2U3RyaWtlclM=/189967/7-MTg5OTY3Nw==.jpg
0010,9,http://imgs.juheapi.com/comic_xin/xKe3qMnZxa7EztK2U3RyaWtlclM=/189967/8-MTg5OTY3OA==.jpg
0010,10,http://imgs.juheapi.com/comic_xin/xKe3qMnZxa7EztK2U3RyaWtlclM=/189967/9-MTg5OTY3OQ==.jpg
0010,11,http://imgs.juheapi.com/comic_xin/xKe3qMnZxa7EztK2U3RyaWtlclM=/189967/10-MTg5OTY3MTA=.jpg
0010,12,http://imgs.juheapi.com/comic_xin/xKe3qMnZxa7EztK2U3RyaWtlclM=/189967/11-MTg5OTY3MTE=.jpg
0010,13,http://imgs.juheapi.com/comic_xin/xKe3qMnZxa7EztK2U3RyaWtlclM=/189967/12-MTg5OTY3MTI=.jpg
0010,14,http://imgs.juheapi.com/comic_xin/xKe3qMnZxa7EztK2U3RyaWtlclM=/189967/13-MTg5OTY3MTM=.jpg
0010,15,http://imgs.juheapi.com/comic_xin/xKe3qMnZxa7EztK2U3RyaWtlclM=/189967/14-MTg5OTY3MTQ=.jpg
0010,16,http://imgs.juheapi.com/comic_xin/xKe3qMnZxa7EztK2U3RyaWtlclM=/189967/15-MTg5OTY3MTU=.jpg
0010,17,http://imgs.juheapi.com/comic_xin/xKe3qMnZxa7EztK2U3RyaWtlclM=/189967/16-MTg5OTY3MTY=.jpg
0010,18,http://imgs.juheapi.com/comic_xin/xKe3qMnZxa7EztK2U3RyaWtlclM=/189967/17-MTg5OTY3MTc=.jpg
0010,19,http://imgs.juheapi.com/comic_xin/xKe3qMnZxa7EztK2U3RyaWtlclM=/189967/18-MTg5OTY3MTg=.jpg
0010,20,http://imgs.juheapi.com/comic_xin/xKe3qMnZxa7EztK2U3RyaWtlclM=/189967/19-MTg5OTY3MTk=.jpg
0010,21,http://imgs.juheapi.com/comic_xin/xKe3qMnZxa7EztK2U3RyaWtlclM=/189967/20-MTg5OTY3MjA=.jpg
0010,22,http://imgs.juheapi.com/comic_xin/xKe3qMnZxa7EztK2U3RyaWtlclM=/189967/21-MTg5OTY3MjE=.jpg
0010,23,http://imgs.juheapi.com/comic_xin/xKe3qMnZxa7EztK2U3RyaWtlclM=/189967/22-MTg5OTY3MjI=.jpg
0010,24,http://imgs.juheapi.com/comic_xin/xKe3qMnZxa7EztK2U3RyaWtlclM=/189967/23-MTg5OTY3MjM=.jpg
0010,25,http://imgs.juheapi.com/comic_xin/xKe3qMnZxa7EztK2U3RyaWtlclM=/189967/24-MTg5OTY3MjQ=.jpg
0010,26,http://imgs.juheapi.com/comic_xin/xKe3qMnZxa7EztK2U3RyaWtlclM=/189967/25-MTg5OTY3MjU=.jpg
0011,1,http://imgs.juheapi.com/comic_xin/xKe3qMnZxa7EztK2U3RyaWtlclM=/189968/0-MTg5OTY4MA==.jpg
0011,2,http://imgs.juheapi.com/comic_xin/xKe3qMnZxa7EztK2U3RyaWtlclM=/189968/1-MTg5OTY4MQ==.jpg
0011,3,http://imgs.juheapi.com/comic_xin/xKe3qMnZxa7EztK2U3RyaWtlclM=/189968/2-MTg5OTY4Mg==.jpg
0011,4,http://imgs.juheapi.com/comic_xin/xKe3qMnZxa7EztK2U3RyaWtlclM=/189968/3-MTg5OTY4Mw==.jpg
0011,5,http://imgs.juheapi.com/comic_xin/xKe3qMnZxa7EztK2U3RyaWtlclM=/189968/4-MTg5OTY4NA==.jpg
0011,6,http://imgs.juheapi.com/comic_xin/xKe3qMnZxa7EztK2U3RyaWtlclM=/189968/5-MTg5OTY4NQ==.jpg
0011,7,http://imgs.juheapi.com/comic_xin/xKe3qMnZxa7EztK2U3RyaWtlclM=/189968/6-MTg5OTY4Ng==.jpg
0011,8,http://imgs.juheapi.com/comic_xin/xKe3qMnZxa7EztK2U3RyaWtlclM=/189968/7-MTg5OTY4Nw==.jpg
0011,9,http://imgs.juheapi.com/comic_xin/xKe3qMnZxa7EztK2U3RyaWtlclM=/189968/8-MTg5OTY4OA==.jpg
0011,10,http://imgs.juheapi.com/comic_xin/xKe3qMnZxa7EztK2U3RyaWtlclM=/189968/9-MTg5OTY4OQ==.jpg
0011,11,http://imgs.juheapi.com/comic_xin/xKe3qMnZxa7EztK2U3RyaWtlclM=/189968/10-MTg5OTY4MTA=.jpg
0011,12,http://imgs.juheapi.com/comic_xin/xKe3qMnZxa7EztK2U3RyaWtlclM=/189968/11-MTg5OTY4MTE=.jpg
0011,13,http://imgs.juheapi.com/comic_xin/xKe3qMnZxa7EztK2U3RyaWtlclM=/189968/12-MTg5OTY4MTI=.jpg
0011,14,http://imgs.juheapi.com/comic_xin/xKe3qMnZxa7EztK2U3RyaWtlclM=/189968/13-MTg5OTY4MTM=.jpg
0011,15,http://imgs.juheapi.com/comic_xin/xKe3qMnZxa7EztK2U3RyaWtlclM=/189968/14-MTg5OTY4MTQ=.jpg
0011,16,http://imgs.juheapi.com/comic_xin/xKe3qMnZxa7EztK2U3RyaWtlclM=/189968/15-MTg5OTY4MTU=.jpg
0011,17,http://imgs.juheapi.com/comic_xin/xKe3qMnZxa7EztK2U3RyaWtlclM=/189968/16-MTg5OTY4MTY=.jpg
0011,18,http://imgs.juheapi.com/comic_xin/xKe3qMnZxa7EztK2U3RyaWtlclM=/189968/17-MTg5OTY4MTc=.jpg
0011,19,http://imgs.juheapi.com/comic_xin/xKe3qMnZxa7EztK2U3RyaWtlclM=/189968/18-MTg5OTY4MTg=.jpg
0011,20,http://imgs.juheapi.com/comic_xin/xKe3qMnZxa7EztK2U3RyaWtlclM=/189968/19-MTg5OTY4MTk=.jpg
0011,21,http://imgs.juheapi.com/comic_xin/xKe3qMnZxa7EztK2U3RyaWtlclM=/189968/20-MTg5OTY4MjA=.jpg
0011,22,http://imgs.juheapi.com/comic_xin/xKe3qMnZxa7EztK2U3RyaWtlclM=/189968/21-MTg5OTY4MjE=.jpg
0011,23,http://imgs.juheapi.com/comic_xin/xKe3qMnZxa7EztK2U3RyaWtlclM=/189968/22-MTg5OTY4MjI=.jpg
0012,1,http://imgs.juheapi.com/comic_xin/xKe3qMnZxa7EztK2U3RyaWtlclM=/189970/0-MTg5OTcwMA==.jpg
0012,2,http://imgs.juheapi.com/comic_xin/xKe3qMnZxa7EztK2U3RyaWtlclM=/189970/1-MTg5OTcwMQ==.jpg
0012,3,http://imgs.juheapi.com/comic_xin/xKe3qMnZxa7EztK2U3RyaWtlclM=/189970/2-MTg5OTcwMg==.jpg
0012,4,http://imgs.juheapi.com/comic_xin/xKe3qMnZxa7EztK2U3RyaWtlclM=/189970/3-MTg5OTcwMw==.jpg
0012,5,http://imgs.juheapi.com/comic_xin/xKe3qMnZxa7EztK2U3RyaWtlclM=/189970/4-MTg5OTcwNA==.jpg
0012,6,http://imgs.juheapi.com/comic_xin/xKe3qMnZxa7EztK2U3RyaWtlclM=/189970/5-MTg5OTcwNQ==.jpg
0012,7,http://imgs.juheapi.com/comic_xin/xKe3qMnZxa7EztK2U3RyaWtlclM=/189970/6-MTg5OTcwNg==.jpg
0012,8,http://imgs.juheapi.com/comic_xin/xKe3qMnZxa7EztK2U3RyaWtlclM=/189970/7-MTg5OTcwNw==.jpg
0012,9,http://imgs.juheapi.com/comic_xin/xKe3qMnZxa7EztK2U3RyaWtlclM=/189970/8-MTg5OTcwOA==.jpg
0012,10,http://imgs.juheapi.com/comic_xin/xKe3qMnZxa7EztK2U3RyaWtlclM=/189970/9-MTg5OTcwOQ==.jpg
0012,11,http://imgs.juheapi.com/comic_xin/xKe3qMnZxa7EztK2U3RyaWtlclM=/189970/10-MTg5OTcwMTA=.jpg
0012,12,http://imgs.juheapi.com/comic_xin/xKe3qMnZxa7EztK2U3RyaWtlclM=/189970/11-MTg5OTcwMTE=.jpg
0012,13,http://imgs.juheapi.com/comic_xin/xKe3qMnZxa7EztK2U3RyaWtlclM=/189970/12-MTg5OTcwMTI=.jpg
0012,14,http://imgs.juheapi.com/comic_xin/xKe3qMnZxa7EztK2U3RyaWtlclM=/189970/13-MTg5OTcwMTM=.jpg
0012,15,http://imgs.juheapi.com/comic_xin/xKe3qMnZxa7EztK2U3RyaWtlclM=/189970/14-MTg5OTcwMTQ=.jpg
0012,16,http://imgs.juheapi.com/comic_xin/xKe3qMnZxa7EztK2U3RyaWtlclM=/189970/15-MTg5OTcwMTU=.jpg
0012,17,http://imgs.juheapi.com/comic_xin/xKe3qMnZxa7EztK2U3RyaWtlclM=/189970/16-MTg5OTcwMTY=.jpg
0012,18,http://imgs.juheapi.com/comic_xin/xKe3qMnZxa7EztK2U3RyaWtlclM=/189970/17-MTg5OTcwMTc=.jpg
0012,19,http://imgs.juheapi.com/comic_xin/xKe3qMnZxa7EztK2U3RyaWtlclM=/189970/18-MTg5OTcwMTg=.jpg
0012,20,http://imgs.juheapi.com/comic_xin/xKe3qMnZxa7EztK2U3RyaWtlclM=/189970/19-MTg5OTcwMTk=.jpg
0012,21,http://imgs.juheapi.com/comic_xin/xKe3qMnZxa7EztK2U3RyaWtlclM=/189970/20-MTg5OTcwMjA=.jpg
0012,22,http://imgs.juheapi.com/comic_xin/xKe3qMnZxa7EztK2U3RyaWtlclM=/189970/21-MTg5OTcwMjE=.jpg
0012,23,http://imgs.juheapi.com/comic_xin/xKe3qMnZxa7EztK2U3RyaWtlclM=/189970/22-MTg5OTcwMjI=.jpg
0012,24,http://imgs.juheapi.com/comic_xin/xKe3qMnZxa7EztK2U3RyaWtlclM=/189970/23-MTg5OTcwMjM=.jpg
0013,1,http://imgs.juheapi.com/comic_xin/xKe3qMnZxa7EztK2U3RyaWtlclM=/189972/0-MTg5OTcyMA==.jpg
0013,2,http://imgs.juheapi.com/comic_xin/xKe3qMnZxa7EztK2U3RyaWtlclM=/189972/1-MTg5OTcyMQ==.jpg
0013,3,http://imgs.juheapi.com/comic_xin/xKe3qMnZxa7EztK2U3RyaWtlclM=/189972/2-MTg5OTcyMg==.jpg
0013,4,http://imgs.juheapi.com/comic_xin/xKe3qMnZxa7EztK2U3RyaWtlclM=/189972/3-MTg5OTcyMw==.jpg
0013,5,http://imgs.juheapi.com/comic_xin/xKe3qMnZxa7EztK2U3RyaWtlclM=/189972/4-MTg5OTcyNA==.jpg
0013,6,http://imgs.juheapi.com/comic_xin/xKe3qMnZxa7EztK2U3RyaWtlclM=/189972/5-MTg5OTcyNQ==.jpg
0013,7,http://imgs.juheapi.com/comic_xin/xKe3qMnZxa7EztK2U3RyaWtlclM=/189972/6-MTg5OTcyNg==.jpg
0013,8,http://imgs.juheapi.com/comic_xin/xKe3qMnZxa7EztK2U3RyaWtlclM=/189972/7-MTg5OTcyNw==.jpg
0013,9,http://imgs.juheapi.com/comic_xin/xKe3qMnZxa7EztK2U3RyaWtlclM=/189972/8-MTg5OTcyOA==.jpg
0013,10,http://imgs.juheapi.com/comic_xin/xKe3qMnZxa7EztK2U3RyaWtlclM=/189972/9-MTg5OTcyOQ==.jpg
0013,11,http://imgs.juheapi.com/comic_xin/xKe3qMnZxa7EztK2U3RyaWtlclM=/189972/10-MTg5OTcyMTA=.jpg
0013,12,http://imgs.juheapi.com/comic_xin/xKe3qMnZxa7EztK2U3RyaWtlclM=/189972/11-MTg5OTcyMTE=.jpg
0013,13,http://imgs.juheapi.com/comic_xin/xKe3qMnZxa7EztK2U3RyaWtlclM=/189972/12-MTg5OTcyMTI=.jpg
0013,14,http://imgs.juheapi.com/comic_xin/xKe3qMnZxa7EztK2U3RyaWtlclM=/189972/13-MTg5OTcyMTM=.jpg
0013,15,http://imgs.juheapi.com/comic_xin/xKe3qMnZxa7EztK2U3RyaWtlclM=/189972/14-MTg5OTcyMTQ=.jpg
0013,16,http://imgs.juheapi.com/comic_xin/xKe3qMnZxa7EztK2U3RyaWtlclM=/189972/15-MTg5OTcyMTU=.jpg
0013,17,http://imgs.juheapi.com/comic_xin/xKe3qMnZxa7EztK2U3RyaWtlclM=/189972/16-MTg5OTcyMTY=.jpg
0013,18,http://imgs.juheapi.com/comic_xin/xKe3qMnZxa7EztK2U3RyaWtlclM=/189972/17-MTg5OTcyMTc=.jpg
0013,19,http://imgs.juheapi.com/comic_xin/xKe3qMnZxa7EztK2U3RyaWtlclM=/189972/18-MTg5OTcyMTg=.jpg
0013,20,http://imgs.juheapi.com/comic_xin/xKe3qMnZxa7EztK2U3RyaWtlclM=/189972/19-MTg5OTcyMTk=.jpg
0013,21,http://imgs.juheapi.com/comic_xin/xKe3qMnZxa7EztK2U3RyaWtlclM=/189972/20-MTg5OTcyMjA=.jpg
0013,22,http://imgs.juheapi.com/comic_xin/xKe3qMnZxa7EztK2U3RyaWtlclM=/189972/21-MTg5OTcyMjE=.jpg
0013,23,http://imgs.juheapi.com/comic_xin/xKe3qMnZxa7EztK2U3RyaWtlclM=/189972/22-MTg5OTcyMjI=.jpg
0013,24,http://imgs.juheapi.com/comic_xin/xKe3qMnZxa7EztK2U3RyaWtlclM=/189972/23-MTg5OTcyMjM=.jpg
0014,1,http://imgs.juheapi.com/comic_xin/xKe3qMnZxa7EztK2U3RyaWtlclM=/189973/0-MTg5OTczMA==.jpg
0014,2,http://imgs.juheapi.com/comic_xin/xKe3qMnZxa7EztK2U3RyaWtlclM=/189973/1-MTg5OTczMQ==.jpg
0014,3,http://imgs.juheapi.com/comic_xin/xKe3qMnZxa7EztK2U3RyaWtlclM=/189973/2-MTg5OTczMg==.jpg
0014,4,http://imgs.juheapi.com/comic_xin/xKe3qMnZxa7EztK2U3RyaWtlclM=/189973/3-MTg5OTczMw==.jpg
0014,5,http://imgs.juheapi.com/comic_xin/xKe3qMnZxa7EztK2U3RyaWtlclM=/189973/4-MTg5OTczNA==.jpg
0014,6,http://imgs.juheapi.com/comic_xin/xKe3qMnZxa7EztK2U3RyaWtlclM=/189973/5-MTg5OTczNQ==.jpg
0014,7,http://imgs.juheapi.com/comic_xin/xKe3qMnZxa7EztK2U3RyaWtlclM=/189973/6-MTg5OTczNg==.jpg
0014,8,http://imgs.juheapi.com/comic_xin/xKe3qMnZxa7EztK2U3RyaWtlclM=/189973/7-MTg5OTczNw==.jpg
0014,9,http://imgs.juheapi.com/comic_xin/xKe3qMnZxa7EztK2U3RyaWtlclM=/189973/8-MTg5OTczOA==.jpg
0014,10,http://imgs.juheapi.com/comic_xin/xKe3qMnZxa7EztK2U3RyaWtlclM=/189973/9-MTg5OTczOQ==.jpg
0014,11,http://imgs.juheapi.com/comic_xin/xKe3qMnZxa7EztK2U3RyaWtlclM=/189973/10-MTg5OTczMTA=.jpg
0014,12,http://imgs.juheapi.com/comic_xin/xKe3qMnZxa7EztK2U3RyaWtlclM=/189973/11-MTg5OTczMTE=.jpg
0014,13,http://imgs.juheapi.com/comic_xin/xKe3qMnZxa7EztK2U3RyaWtlclM=/189973/12-MTg5OTczMTI=.jpg
0014,14,http://imgs.juheapi.com/comic_xin/xKe3qMnZxa7EztK2U3RyaWtlclM=/189973/13-MTg5OTczMTM=.jpg
0014,15,http://imgs.juheapi.com/comic_xin/xKe3qMnZxa7EztK2U3RyaWtlclM=/189973/14-MTg5OTczMTQ=.jpg
0014,16,http://imgs.juheapi.com/comic_xin/xKe3qMnZxa7EztK2U3RyaWtlclM=/189973/15-MTg5OTczMTU=.jpg
0014,17,http://imgs.juheapi.com/comic_xin/xKe3qMnZxa7EztK2U3RyaWtlclM=/189973/16-MTg5OTczMTY=.jpg
0014,18,http://imgs.juheapi.com/comic_xin/xKe3qMnZxa7EztK2U3RyaWtlclM=/189973/17-MTg5OTczMTc=.jpg
0014,19,http://imgs.juheapi.com/comic_xin/xKe3qMnZxa7EztK2U3RyaWtlclM=/189973/18-MTg5OTczMTg=.jpg
0014,20,http://imgs.juheapi.com/comic_xin/xKe3qMnZxa7EztK2U3RyaWtlclM=/189973/19-MTg5OTczMTk=.jpg
0014,21,http://imgs.juheapi.com/comic_xin/xKe3qMnZxa7EztK2U3RyaWtlclM=/189973/20-MTg5OTczMjA=.jpg
0014,22,http://imgs.juheapi.com/comic_xin/xKe3qMnZxa7EztK2U3RyaWtlclM=/189973/21-MTg5OTczMjE=.jpg
0014,23,http://imgs.juheapi.com/comic_xin/xKe3qMnZxa7EztK2U3RyaWtlclM=/189973/22-MTg5OTczMjI=.jpg
0014,24,http://imgs.juheapi.com/comic_xin/xKe3qMnZxa7EztK2U3RyaWtlclM=/189973/23-MTg5OTczMjM=.jpg
0015,1,http://imgs.juheapi.com/comic_xin/xKe3qMnZxa7EztK2U3RyaWtlclM=/189975/0-MTg5OTc1MA==.jpg
0015,2,http://imgs.juheapi.com/comic_xin/xKe3qMnZxa7EztK2U3RyaWtlclM=/189975/1-MTg5OTc1MQ==.jpg
0015,3,http://imgs.juheapi.com/comic_xin/xKe3qMnZxa7EztK2U3RyaWtlclM=/189975/2-MTg5OTc1Mg==.jpg
0015,4,http://imgs.juheapi.com/comic_xin/xKe3qMnZxa7EztK2U3RyaWtlclM=/189975/3-MTg5OTc1Mw==.jpg
0015,5,http://imgs.juheapi.com/comic_xin/xKe3qMnZxa7EztK2U3RyaWtlclM=/189975/4-MTg5OTc1NA==.jpg
0015,6,http://imgs.juheapi.com/comic_xin/xKe3qMnZxa7EztK2U3RyaWtlclM=/189975/5-MTg5OTc1NQ==.jpg
0015,7,http://imgs.juheapi.com/comic_xin/xKe3qMnZxa7EztK2U3RyaWtlclM=/189975/6-MTg5OTc1Ng==.jpg
0015,8,http://imgs.juheapi.com/comic_xin/xKe3qMnZxa7EztK2U3RyaWtlclM=/189975/7-MTg5OTc1Nw==.jpg
0015,9,http://imgs.juheapi.com/comic_xin/xKe3qMnZxa7EztK2U3RyaWtlclM=/189975/8-MTg5OTc1OA==.jpg
0015,10,http://imgs.juheapi.com/comic_xin/xKe3qMnZxa7EztK2U3RyaWtlclM=/189975/9-MTg5OTc1OQ==.jpg
0015,11,http://imgs.juheapi.com/comic_xin/xKe3qMnZxa7EztK2U3RyaWtlclM=/189975/10-MTg5OTc1MTA=.jpg
0015,12,http://imgs.juheapi.com/comic_xin/xKe3qMnZxa7EztK2U3RyaWtlclM=/189975/11-MTg5OTc1MTE=.jpg
0015,13,http://imgs.juheapi.com/comic_xin/xKe3qMnZxa7EztK2U3RyaWtlclM=/189975/12-MTg5OTc1MTI=.jpg
0015,14,http://imgs.juheapi.com/comic_xin/xKe3qMnZxa7EztK2U3RyaWtlclM=/189975/13-MTg5OTc1MTM=.jpg
0015,15,http://imgs.juheapi.com/comic_xin/xKe3qMnZxa7EztK2U3RyaWtlclM=/189975/14-MTg5OTc1MTQ=.jpg
0015,16,http://imgs.juheapi.com/comic_xin/xKe3qMnZxa7EztK2U3RyaWtlclM=/189975/15-MTg5OTc1MTU=.jpg
0015,17,http://imgs.juheapi.com/comic_xin/xKe3qMnZxa7EztK2U3RyaWtlclM=/189975/16-MTg5OTc1MTY=.jpg
0015,18,http://imgs.juheapi.com/comic_xin/xKe3qMnZxa7EztK2U3RyaWtlclM=/189975/17-MTg5OTc1MTc=.jpg
0015,19,http://imgs.juheapi.com/comic_xin/xKe3qMnZxa7EztK2U3RyaWtlclM=/189975/18-MTg5OTc1MTg=.jpg
0015,20,http://imgs.juheapi.com/comic_xin/xKe3qMnZxa7EztK2U3RyaWtlclM=/189975/19-MTg5OTc1MTk=.jpg
0015,21,http://imgs.juheapi.com/comic_xin/xKe3qMnZxa7EztK2U3RyaWtlclM=/189975/20-MTg5OTc1MjA=.jpg
0015,22,http://imgs.juheapi.com/comic_xin/xKe3qMnZxa7EztK2U3RyaWtlclM=/189975/21-MTg5OTc1MjE=.jpg
0015,23,http://imgs.juheapi.com/comic_xin/xKe3qMnZxa7EztK2U3RyaWtlclM=/189975/22-MTg5OTc1MjI=.jpg
0015,24,http://imgs.juheapi.com/comic_xin/xKe3qMnZxa7EztK2U3RyaWtlclM=/189975/23-MTg5OTc1MjM=.jpg
0016,1,http://imgs.juheapi.com/comic_xin/xKe3qMnZxa7EztK2U3RyaWtlclM=/189977/0-MTg5OTc3MA==.jpg
0016,2,http://imgs.juheapi.com/comic_xin/xKe3qMnZxa7EztK2U3RyaWtlclM=/189977/1-MTg5OTc3MQ==.jpg
0016,3,http://imgs.juheapi.com/comic_xin/xKe3qMnZxa7EztK2U3RyaWtlclM=/189977/2-MTg5OTc3Mg==.jpg
0016,4,http://imgs.juheapi.com/comic_xin/xKe3qMnZxa7EztK2U3RyaWtlclM=/189977/3-MTg5OTc3Mw==.jpg
0016,5,http://imgs.juheapi.com/comic_xin/xKe3qMnZxa7EztK2U3RyaWtlclM=/189977/4-MTg5OTc3NA==.jpg
0016,6,http://imgs.juheapi.com/comic_xin/xKe3qMnZxa7EztK2U3RyaWtlclM=/189977/5-MTg5OTc3NQ==.jpg
0016,7,http://imgs.juheapi.com/comic_xin/xKe3qMnZxa7EztK2U3RyaWtlclM=/189977/6-MTg5OTc3Ng==.jpg
0016,8,http://imgs.juheapi.com/comic_xin/xKe3qMnZxa7EztK2U3RyaWtlclM=/189977/7-MTg5OTc3Nw==.jpg
0016,9,http://imgs.juheapi.com/comic_xin/xKe3qMnZxa7EztK2U3RyaWtlclM=/189977/8-MTg5OTc3OA==.jpg
0016,10,http://imgs.juheapi.com/comic_xin/xKe3qMnZxa7EztK2U3RyaWtlclM=/189977/9-MTg5OTc3OQ==.jpg
0016,11,http://imgs.juheapi.com/comic_xin/xKe3qMnZxa7EztK2U3RyaWtlclM=/189977/10-MTg5OTc3MTA=.jpg
0016,12,http://imgs.juheapi.com/comic_xin/xKe3qMnZxa7EztK2U3RyaWtlclM=/189977/11-MTg5OTc3MTE=.jpg
0016,13,http://imgs.juheapi.com/comic_xin/xKe3qMnZxa7EztK2U3RyaWtlclM=/189977/12-MTg5OTc3MTI=.jpg
0016,14,http://imgs.juheapi.com/comic_xin/xKe3qMnZxa7EztK2U3RyaWtlclM=/189977/13-MTg5OTc3MTM=.jpg
0016,15,http://imgs.juheapi.com/comic_xin/xKe3qMnZxa7EztK2U3RyaWtlclM=/189977/14-MTg5OTc3MTQ=.jpg
0016,16,http://imgs.juheapi.com/comic_xin/xKe3qMnZxa7EztK2U3RyaWtlclM=/189977/15-MTg5OTc3MTU=.jpg
0016,17,http://imgs.juheapi.com/comic_xin/xKe3qMnZxa7EztK2U3RyaWtlclM=/189977/16-MTg5OTc3MTY=.jpg
0016,18,http://imgs.juheapi.com/comic_xin/xKe3qMnZxa7EztK2U3RyaWtlclM=/189977/17-MTg5OTc3MTc=.jpg
0016,19,http://imgs.juheapi.com/comic_xin/xKe3qMnZxa7EztK2U3RyaWtlclM=/189977/18-MTg5OTc3MTg=.jpg
0016,20,http://imgs.juheapi.com/comic_xin/xKe3qMnZxa7EztK2U3RyaWtlclM=/189977/19-MTg5OTc3MTk=.jpg
0016,21,http://imgs.juheapi.com/comic_xin/xKe3qMnZxa7EztK2U3RyaWtlclM=/189977/20-MTg5OTc3MjA=.jpg
0016,22,http://imgs.juheapi.com/comic_xin/xKe3qMnZxa7EztK2U3RyaWtlclM=/189977/21-MTg5OTc3MjE=.jpg
0016,23,http://imgs.juheapi.com/comic_xin/xKe3qMnZxa7EztK2U3RyaWtlclM=/189977/22-MTg5OTc3MjI=.jpg
0016,24,http://imgs.juheapi.com/comic_xin/xKe3qMnZxa7EztK2U3RyaWtlclM=/189977/23-MTg5OTc3MjM=.jpg
0017,1,http://imgs.juheapi.com/comic_xin/xKe3qMnZxa7EztK2U3RyaWtlclM=/189979/0-MTg5OTc5MA==.jpg
0017,2,http://imgs.juheapi.com/comic_xin/xKe3qMnZxa7EztK2U3RyaWtlclM=/189979/1-MTg5OTc5MQ==.jpg
0017,3,http://imgs.juheapi.com/comic_xin/xKe3qMnZxa7EztK2U3RyaWtlclM=/189979/2-MTg5OTc5Mg==.jpg
0017,4,http://imgs.juheapi.com/comic_xin/xKe3qMnZxa7EztK2U3RyaWtlclM=/189979/3-MTg5OTc5Mw==.jpg
0017,5,http://imgs.juheapi.com/comic_xin/xKe3qMnZxa7EztK2U3RyaWtlclM=/189979/4-MTg5OTc5NA==.jpg
0017,6,http://imgs.juheapi.com/comic_xin/xKe3qMnZxa7EztK2U3RyaWtlclM=/189979/5-MTg5OTc5NQ==.jpg
0017,7,http://imgs.juheapi.com/comic_xin/xKe3qMnZxa7EztK2U3RyaWtlclM=/189979/6-MTg5OTc5Ng==.jpg
0017,8,http://imgs.juheapi.com/comic_xin/xKe3qMnZxa7EztK2U3RyaWtlclM=/189979/7-MTg5OTc5Nw==.jpg
0017,9,http://imgs.juheapi.com/comic_xin/xKe3qMnZxa7EztK2U3RyaWtlclM=/189979/8-MTg5OTc5OA==.jpg
0017,10,http://imgs.juheapi.com/comic_xin/xKe3qMnZxa7EztK2U3RyaWtlclM=/189979/9-MTg5OTc5OQ==.jpg
0017,11,http://imgs.juheapi.com/comic_xin/xKe3qMnZxa7EztK2U3RyaWtlclM=/189979/10-MTg5OTc5MTA=.jpg
0017,12,http://imgs.juheapi.com/comic_xin/xKe3qMnZxa7EztK2U3RyaWtlclM=/189979/11-MTg5OTc5MTE=.jpg
0017,13,http://imgs.juheapi.com/comic_xin/xKe3qMnZxa7EztK2U3RyaWtlclM=/189979/12-MTg5OTc5MTI=.jpg
0017,14,http://imgs.juheapi.com/comic_xin/xKe3qMnZxa7EztK2U3RyaWtlclM=/189979/13-MTg5OTc5MTM=.jpg
0017,15,http://imgs.juheapi.com/comic_xin/xKe3qMnZxa7EztK2U3RyaWtlclM=/189979/14-MTg5OTc5MTQ=.jpg
0017,16,http://imgs.juheapi.com/comic_xin/xKe3qMnZxa7EztK2U3RyaWtlclM=/189979/15-MTg5OTc5MTU=.jpg
0017,17,http://imgs.juheapi.com/comic_xin/xKe3qMnZxa7EztK2U3RyaWtlclM=/189979/16-MTg5OTc5MTY=.jpg
0017,18,http://imgs.juheapi.com/comic_xin/xKe3qMnZxa7EztK2U3RyaWtlclM=/189979/17-MTg5OTc5MTc=.jpg
0017,19,http://imgs.juheapi.com/comic_xin/xKe3qMnZxa7EztK2U3RyaWtlclM=/189979/18-MTg5OTc5MTg=.jpg
0017,20,http://imgs.juheapi.com/comic_xin/xKe3qMnZxa7EztK2U3RyaWtlclM=/189979/19-MTg5OTc5MTk=.jpg
0017,21,http://imgs.juheapi.com/comic_xin/xKe3qMnZxa7EztK2U3RyaWtlclM=/189979/20-MTg5OTc5MjA=.jpg
0017,22,http://imgs.juheapi.com/comic_xin/xKe3qMnZxa7EztK2U3RyaWtlclM=/189979/21-MTg5OTc5MjE=.jpg
0017,23,http://imgs.juheapi.com/comic_xin/xKe3qMnZxa7EztK2U3RyaWtlclM=/189979/22-MTg5OTc5MjI=.jpg
0017,24,http://imgs.juheapi.com/comic_xin/xKe3qMnZxa7EztK2U3RyaWtlclM=/189979/23-MTg5OTc5MjM=.jpg
0017,25,http://imgs.juheapi.com/comic_xin/xKe3qMnZxa7EztK2U3RyaWtlclM=/189979/24-MTg5OTc5MjQ=.jpg
0017,26,http://imgs.juheapi.com/comic_xin/xKe3qMnZxa7EztK2U3RyaWtlclM=/189979/25-MTg5OTc5MjU=.jpg
0017,27,http://imgs.juheapi.com/comic_xin/xKe3qMnZxa7EztK2U3RyaWtlclM=/189979/26-MTg5OTc5MjY=.jpg
0017,28,http://imgs.juheapi.com/comic_xin/xKe3qMnZxa7EztK2U3RyaWtlclM=/189979/27-MTg5OTc5Mjc=.jpg
0017,29,http://imgs.juheapi.com/comic_xin/xKe3qMnZxa7EztK2U3RyaWtlclM=/189979/28-MTg5OTc5Mjg=.jpg
0017,30,http://imgs.juheapi.com/comic_xin/xKe3qMnZxa7EztK2U3RyaWtlclM=/189979/29-MTg5OTc5Mjk=.jpg
0017,31,http://imgs.juheapi.com/comic_xin/xKe3qMnZxa7EztK2U3RyaWtlclM=/189979/30-MTg5OTc5MzA=.jpg
0017,32,http://imgs.juheapi.com/comic_xin/xKe3qMnZxa7EztK2U3RyaWtlclM=/189979/31-MTg5OTc5MzE=.jpg
0018,1,http://imgs.juheapi.com/comic_xin/xKe3qMnZxa7EztK2U3RyaWtlclM=/189980/0-MTg5OTgwMA==.jpg
0018,2,http://imgs.juheapi.com/comic_xin/xKe3qMnZxa7EztK2U3RyaWtlclM=/189980/1-MTg5OTgwMQ==.jpg
0018,3,http://imgs.juheapi.com/comic_xin/xKe3qMnZxa7EztK2U3RyaWtlclM=/189980/2-MTg5OTgwMg==.jpg
0018,4,http://imgs.juheapi.com/comic_xin/xKe3qMnZxa7EztK2U3RyaWtlclM=/189980/3-MTg5OTgwMw==.jpg
0018,5,http://imgs.juheapi.com/comic_xin/xKe3qMnZxa7EztK2U3RyaWtlclM=/189980/4-MTg5OTgwNA==.jpg
0018,6,http://imgs.juheapi.com/comic_xin/xKe3qMnZxa7EztK2U3RyaWtlclM=/189980/5-MTg5OTgwNQ==.jpg
0018,7,http://imgs.juheapi.com/comic_xin/xKe3qMnZxa7EztK2U3RyaWtlclM=/189980/6-MTg5OTgwNg==.jpg
0018,8,http://imgs.juheapi.com/comic_xin/xKe3qMnZxa7EztK2U3RyaWtlclM=/189980/7-MTg5OTgwNw==.jpg
0018,9,http://imgs.juheapi.com/comic_xin/xKe3qMnZxa7EztK2U3RyaWtlclM=/189980/8-MTg5OTgwOA==.jpg
0018,10,http://imgs.juheapi.com/comic_xin/xKe3qMnZxa7EztK2U3RyaWtlclM=/189980/9-MTg5OTgwOQ==.jpg
0018,11,http://imgs.juheapi.com/comic_xin/xKe3qMnZxa7EztK2U3RyaWtlclM=/189980/10-MTg5OTgwMTA=.jpg
0018,12,http://imgs.juheapi.com/comic_xin/xKe3qMnZxa7EztK2U3RyaWtlclM=/189980/11-MTg5OTgwMTE=.jpg
0018,13,http://imgs.juheapi.com/comic_xin/xKe3qMnZxa7EztK2U3RyaWtlclM=/189980/12-MTg5OTgwMTI=.jpg
0018,14,http://imgs.juheapi.com/comic_xin/xKe3qMnZxa7EztK2U3RyaWtlclM=/189980/13-MTg5OTgwMTM=.jpg
0018,15,http://imgs.juheapi.com/comic_xin/xKe3qMnZxa7EztK2U3RyaWtlclM=/189980/14-MTg5OTgwMTQ=.jpg
0018,16,http://imgs.juheapi.com/comic_xin/xKe3qMnZxa7EztK2U3RyaWtlclM=/189980/15-MTg5OTgwMTU=.jpg
0018,17,http://imgs.juheapi.com/comic_xin/xKe3qMnZxa7EztK2U3RyaWtlclM=/189980/16-MTg5OTgwMTY=.jpg
0018,18,http://imgs.juheapi.com/comic_xin/xKe3qMnZxa7EztK2U3RyaWtlclM=/189980/17-MTg5OTgwMTc=.jpg
0018,19,http://imgs.juheapi.com/comic_xin/xKe3qMnZxa7EztK2U3RyaWtlclM=/189980/18-MTg5OTgwMTg=.jpg
0018,20,http://imgs.juheapi.com/comic_xin/xKe3qMnZxa7EztK2U3RyaWtlclM=/189980/19-MTg5OTgwMTk=.jpg
0018,21,http://imgs.juheapi.com/comic_xin/xKe3qMnZxa7EztK2U3RyaWtlclM=/189980/20-MTg5OTgwMjA=.jpg
0018,22,http://imgs.juheapi.com/comic_xin/xKe3qMnZxa7EztK2U3RyaWtlclM=/189980/21-MTg5OTgwMjE=.jpg
0019,1,http://imgs.juheapi.com/comic_xin/xKe3qMnZxa7EztK2U3RyaWtlclM=/262288/0-MjYyMjg4MA==.jpg
0019,2,http://imgs.juheapi.com/comic_xin/xKe3qMnZxa7EztK2U3RyaWtlclM=/262288/1-MjYyMjg4MQ==.jpg
0019,3,http://imgs.juheapi.com/comic_xin/xKe3qMnZxa7EztK2U3RyaWtlclM=/262288/2-MjYyMjg4Mg==.jpg
0019,4,http://imgs.juheapi.com/comic_xin/xKe3qMnZxa7EztK2U3RyaWtlclM=/262288/3-MjYyMjg4Mw==.jpg
0019,5,http://imgs.juheapi.com/comic_xin/xKe3qMnZxa7EztK2U3RyaWtlclM=/262288/4-MjYyMjg4NA==.jpg
0019,6,http://imgs.juheapi.com/comic_xin/xKe3qMnZxa7EztK2U3RyaWtlclM=/262288/5-MjYyMjg4NQ==.jpg
0019,7,http://imgs.juheapi.com/comic_xin/xKe3qMnZxa7EztK2U3RyaWtlclM=/262288/6-MjYyMjg4Ng==.jpg
0019,8,http://imgs.juheapi.com/comic_xin/xKe3qMnZxa7EztK2U3RyaWtlclM=/262288/7-MjYyMjg4Nw==.jpg
0019,9,http://imgs.juheapi.com/comic_xin/xKe3qMnZxa7EztK2U3RyaWtlclM=/262288/8-MjYyMjg4OA==.jpg
0019,10,http://imgs.juheapi.com/comic_xin/xKe3qMnZxa7EztK2U3RyaWtlclM=/262288/9-MjYyMjg4OQ==.jpg
0019,11,http://imgs.juheapi.com/comic_xin/xKe3qMnZxa7EztK2U3RyaWtlclM=/262288/10-MjYyMjg4MTA=.jpg
0019,12,http://imgs.juheapi.com/comic_xin/xKe3qMnZxa7EztK2U3RyaWtlclM=/262288/11-MjYyMjg4MTE=.jpg
0019,13,http://imgs.juheapi.com/comic_xin/xKe3qMnZxa7EztK2U3RyaWtlclM=/262288/12-MjYyMjg4MTI=.jpg
0019,14,http://imgs.juheapi.com/comic_xin/xKe3qMnZxa7EztK2U3RyaWtlclM=/262288/13-MjYyMjg4MTM=.jpg
0019,15,http://imgs.juheapi.com/comic_xin/xKe3qMnZxa7EztK2U3RyaWtlclM=/262288/14-MjYyMjg4MTQ=.jpg
0019,16,http://imgs.juheapi.com/comic_xin/xKe3qMnZxa7EztK2U3RyaWtlclM=/262288/15-MjYyMjg4MTU=.jpg
0019,17,http://imgs.juheapi.com/comic_xin/xKe3qMnZxa7EztK2U3RyaWtlclM=/262288/16-MjYyMjg4MTY=.jpg
0019,18,http://imgs.juheapi.com/comic_xin/xKe3qMnZxa7EztK2U3RyaWtlclM=/262288/17-MjYyMjg4MTc=.jpg
0019,19,http://imgs.juheapi.com/comic_xin/xKe3qMnZxa7EztK2U3RyaWtlclM=/262288/18-MjYyMjg4MTg=.jpg
0019,20,http://imgs.juheapi.com/comic_xin/xKe3qMnZxa7EztK2U3RyaWtlclM=/262288/19-MjYyMjg4MTk=.jpg
0019,21,http://imgs.juheapi.com/comic_xin/xKe3qMnZxa7EztK2U3RyaWtlclM=/262288/20-MjYyMjg4MjA=.jpg
0019,22,http://imgs.juheapi.com/comic_xin/xKe3qMnZxa7EztK2U3RyaWtlclM=/262288/21-MjYyMjg4MjE=.jpg
