0001,1,http://imgs.juheapi.com/comic_xin/1rvSqs/gu6XA7b3itcS7sA==/259363/0-MjU5MzYzMA==.jpg
0001,2,http://imgs.juheapi.com/comic_xin/1rvSqs/gu6XA7b3itcS7sA==/259363/1-MjU5MzYzMQ==.jpg
0001,3,http://imgs.juheapi.com/comic_xin/1rvSqs/gu6XA7b3itcS7sA==/259363/2-MjU5MzYzMg==.jpg
0001,4,http://imgs.juheapi.com/comic_xin/1rvSqs/gu6XA7b3itcS7sA==/259363/3-MjU5MzYzMw==.jpg
0001,5,http://imgs.juheapi.com/comic_xin/1rvSqs/gu6XA7b3itcS7sA==/259363/4-MjU5MzYzNA==.jpg
0001,6,http://imgs.juheapi.com/comic_xin/1rvSqs/gu6XA7b3itcS7sA==/259363/5-MjU5MzYzNQ==.jpg
0001,7,http://imgs.juheapi.com/comic_xin/1rvSqs/gu6XA7b3itcS7sA==/259363/6-MjU5MzYzNg==.jpg
0001,8,http://imgs.juheapi.com/comic_xin/1rvSqs/gu6XA7b3itcS7sA==/259363/7-MjU5MzYzNw==.jpg
0001,9,http://imgs.juheapi.com/comic_xin/1rvSqs/gu6XA7b3itcS7sA==/259363/8-MjU5MzYzOA==.jpg
0001,10,http://imgs.juheapi.com/comic_xin/1rvSqs/gu6XA7b3itcS7sA==/259363/9-MjU5MzYzOQ==.jpg
0001,11,http://imgs.juheapi.com/comic_xin/1rvSqs/gu6XA7b3itcS7sA==/259363/10-MjU5MzYzMTA=.jpg
0001,12,http://imgs.juheapi.com/comic_xin/1rvSqs/gu6XA7b3itcS7sA==/259363/11-MjU5MzYzMTE=.jpg
0001,13,http://imgs.juheapi.com/comic_xin/1rvSqs/gu6XA7b3itcS7sA==/259363/12-MjU5MzYzMTI=.jpg
0001,14,http://imgs.juheapi.com/comic_xin/1rvSqs/gu6XA7b3itcS7sA==/259363/13-MjU5MzYzMTM=.jpg
0001,15,http://imgs.juheapi.com/comic_xin/1rvSqs/gu6XA7b3itcS7sA==/259363/14-MjU5MzYzMTQ=.jpg
0001,16,http://imgs.juheapi.com/comic_xin/1rvSqs/gu6XA7b3itcS7sA==/259363/15-MjU5MzYzMTU=.jpg
0001,17,http://imgs.juheapi.com/comic_xin/1rvSqs/gu6XA7b3itcS7sA==/259363/16-MjU5MzYzMTY=.jpg
0001,18,http://imgs.juheapi.com/comic_xin/1rvSqs/gu6XA7b3itcS7sA==/259363/17-MjU5MzYzMTc=.jpg
0001,19,http://imgs.juheapi.com/comic_xin/1rvSqs/gu6XA7b3itcS7sA==/259363/18-MjU5MzYzMTg=.jpg
0001,20,http://imgs.juheapi.com/comic_xin/1rvSqs/gu6XA7b3itcS7sA==/259363/19-MjU5MzYzMTk=.jpg
0001,21,http://imgs.juheapi.com/comic_xin/1rvSqs/gu6XA7b3itcS7sA==/259363/20-MjU5MzYzMjA=.jpg
0001,22,http://imgs.juheapi.com/comic_xin/1rvSqs/gu6XA7b3itcS7sA==/259363/21-MjU5MzYzMjE=.jpg
0001,23,http://imgs.juheapi.com/comic_xin/1rvSqs/gu6XA7b3itcS7sA==/259363/22-MjU5MzYzMjI=.jpg
0001,24,http://imgs.juheapi.com/comic_xin/1rvSqs/gu6XA7b3itcS7sA==/259363/23-MjU5MzYzMjM=.jpg
0001,25,http://imgs.juheapi.com/comic_xin/1rvSqs/gu6XA7b3itcS7sA==/259363/24-MjU5MzYzMjQ=.jpg
0001,26,http://imgs.juheapi.com/comic_xin/1rvSqs/gu6XA7b3itcS7sA==/259363/25-MjU5MzYzMjU=.jpg
0001,27,http://imgs.juheapi.com/comic_xin/1rvSqs/gu6XA7b3itcS7sA==/259363/26-MjU5MzYzMjY=.jpg
0001,28,http://imgs.juheapi.com/comic_xin/1rvSqs/gu6XA7b3itcS7sA==/259363/27-MjU5MzYzMjc=.jpg
0001,29,http://imgs.juheapi.com/comic_xin/1rvSqs/gu6XA7b3itcS7sA==/259363/28-MjU5MzYzMjg=.jpg
0001,30,http://imgs.juheapi.com/comic_xin/1rvSqs/gu6XA7b3itcS7sA==/259363/29-MjU5MzYzMjk=.jpg
