0001,1,http://imgs.juheapi.com/comic_xin/x%2BC0urykx%2BnJ2cTqsK4=/153723/0-MTUzNzIzMA==.jpg
0001,2,http://imgs.juheapi.com/comic_xin/x%2BC0urykx%2BnJ2cTqsK4=/153723/1-MTUzNzIzMQ==.jpg
0001,3,http://imgs.juheapi.com/comic_xin/x%2BC0urykx%2BnJ2cTqsK4=/153723/2-MTUzNzIzMg==.jpg
0001,4,http://imgs.juheapi.com/comic_xin/x%2BC0urykx%2BnJ2cTqsK4=/153723/3-MTUzNzIzMw==.jpg
0001,5,http://imgs.juheapi.com/comic_xin/x%2BC0urykx%2BnJ2cTqsK4=/153723/4-MTUzNzIzNA==.jpg
0001,6,http://imgs.juheapi.com/comic_xin/x%2BC0urykx%2BnJ2cTqsK4=/153723/5-MTUzNzIzNQ==.jpg
0001,7,http://imgs.juheapi.com/comic_xin/x%2BC0urykx%2BnJ2cTqsK4=/153723/6-MTUzNzIzNg==.jpg
0001,8,http://imgs.juheapi.com/comic_xin/x%2BC0urykx%2BnJ2cTqsK4=/153723/7-MTUzNzIzNw==.jpg
0001,9,http://imgs.juheapi.com/comic_xin/x%2BC0urykx%2BnJ2cTqsK4=/153723/8-MTUzNzIzOA==.jpg
0001,10,http://imgs.juheapi.com/comic_xin/x%2BC0urykx%2BnJ2cTqsK4=/153723/9-MTUzNzIzOQ==.jpg
0001,11,http://imgs.juheapi.com/comic_xin/x%2BC0urykx%2BnJ2cTqsK4=/153723/10-MTUzNzIzMTA=.jpg
0001,12,http://imgs.juheapi.com/comic_xin/x%2BC0urykx%2BnJ2cTqsK4=/153723/11-MTUzNzIzMTE=.jpg
0001,13,http://imgs.juheapi.com/comic_xin/x%2BC0urykx%2BnJ2cTqsK4=/153723/12-MTUzNzIzMTI=.jpg
0001,14,http://imgs.juheapi.com/comic_xin/x%2BC0urykx%2BnJ2cTqsK4=/153723/13-MTUzNzIzMTM=.jpg
0001,15,http://imgs.juheapi.com/comic_xin/x%2BC0urykx%2BnJ2cTqsK4=/153723/14-MTUzNzIzMTQ=.jpg
0001,16,http://imgs.juheapi.com/comic_xin/x%2BC0urykx%2BnJ2cTqsK4=/153723/15-MTUzNzIzMTU=.jpg
0001,17,http://imgs.juheapi.com/comic_xin/x%2BC0urykx%2BnJ2cTqsK4=/153723/16-MTUzNzIzMTY=.jpg
0001,18,http://imgs.juheapi.com/comic_xin/x%2BC0urykx%2BnJ2cTqsK4=/153723/17-MTUzNzIzMTc=.jpg
0001,19,http://imgs.juheapi.com/comic_xin/x%2BC0urykx%2BnJ2cTqsK4=/153723/18-MTUzNzIzMTg=.jpg
0001,20,http://imgs.juheapi.com/comic_xin/x%2BC0urykx%2BnJ2cTqsK4=/153723/19-MTUzNzIzMTk=.jpg
0001,21,http://imgs.juheapi.com/comic_xin/x%2BC0urykx%2BnJ2cTqsK4=/153723/20-MTUzNzIzMjA=.jpg
0001,22,http://imgs.juheapi.com/comic_xin/x%2BC0urykx%2BnJ2cTqsK4=/153723/21-MTUzNzIzMjE=.jpg
0001,23,http://imgs.juheapi.com/comic_xin/x%2BC0urykx%2BnJ2cTqsK4=/153723/22-MTUzNzIzMjI=.jpg
0001,24,http://imgs.juheapi.com/comic_xin/x%2BC0urykx%2BnJ2cTqsK4=/153723/23-MTUzNzIzMjM=.jpg
0001,25,http://imgs.juheapi.com/comic_xin/x%2BC0urykx%2BnJ2cTqsK4=/153723/24-MTUzNzIzMjQ=.jpg
0001,26,http://imgs.juheapi.com/comic_xin/x%2BC0urykx%2BnJ2cTqsK4=/153723/25-MTUzNzIzMjU=.jpg
0001,27,http://imgs.juheapi.com/comic_xin/x%2BC0urykx%2BnJ2cTqsK4=/153723/26-MTUzNzIzMjY=.jpg
0001,28,http://imgs.juheapi.com/comic_xin/x%2BC0urykx%2BnJ2cTqsK4=/153723/27-MTUzNzIzMjc=.jpg
0001,29,http://imgs.juheapi.com/comic_xin/x%2BC0urykx%2BnJ2cTqsK4=/153723/28-MTUzNzIzMjg=.jpg
0001,30,http://imgs.juheapi.com/comic_xin/x%2BC0urykx%2BnJ2cTqsK4=/153723/29-MTUzNzIzMjk=.jpg
0001,31,http://imgs.juheapi.com/comic_xin/x%2BC0urykx%2BnJ2cTqsK4=/153723/30-MTUzNzIzMzA=.jpg
0001,32,http://imgs.juheapi.com/comic_xin/x%2BC0urykx%2BnJ2cTqsK4=/153723/31-MTUzNzIzMzE=.jpg
0001,33,http://imgs.juheapi.com/comic_xin/x%2BC0urykx%2BnJ2cTqsK4=/153723/32-MTUzNzIzMzI=.jpg
0001,34,http://imgs.juheapi.com/comic_xin/x%2BC0urykx%2BnJ2cTqsK4=/153723/33-MTUzNzIzMzM=.jpg
0001,35,http://imgs.juheapi.com/comic_xin/x%2BC0urykx%2BnJ2cTqsK4=/153723/34-MTUzNzIzMzQ=.jpg
0001,36,http://imgs.juheapi.com/comic_xin/x%2BC0urykx%2BnJ2cTqsK4=/153723/35-MTUzNzIzMzU=.jpg
0001,37,http://imgs.juheapi.com/comic_xin/x%2BC0urykx%2BnJ2cTqsK4=/153723/36-MTUzNzIzMzY=.jpg
0001,38,http://imgs.juheapi.com/comic_xin/x%2BC0urykx%2BnJ2cTqsK4=/153723/37-MTUzNzIzMzc=.jpg
0001,39,http://imgs.juheapi.com/comic_xin/x%2BC0urykx%2BnJ2cTqsK4=/153723/38-MTUzNzIzMzg=.jpg
0001,40,http://imgs.juheapi.com/comic_xin/x%2BC0urykx%2BnJ2cTqsK4=/153723/39-MTUzNzIzMzk=.jpg
0001,41,http://imgs.juheapi.com/comic_xin/x%2BC0urykx%2BnJ2cTqsK4=/153723/40-MTUzNzIzNDA=.jpg
0001,42,http://imgs.juheapi.com/comic_xin/x%2BC0urykx%2BnJ2cTqsK4=/153723/41-MTUzNzIzNDE=.jpg
0001,43,http://imgs.juheapi.com/comic_xin/x%2BC0urykx%2BnJ2cTqsK4=/153723/42-MTUzNzIzNDI=.jpg
0001,44,http://imgs.juheapi.com/comic_xin/x%2BC0urykx%2BnJ2cTqsK4=/153723/43-MTUzNzIzNDM=.jpg
0001,45,http://imgs.juheapi.com/comic_xin/x%2BC0urykx%2BnJ2cTqsK4=/153723/44-MTUzNzIzNDQ=.jpg
0001,46,http://imgs.juheapi.com/comic_xin/x%2BC0urykx%2BnJ2cTqsK4=/153723/45-MTUzNzIzNDU=.jpg
0001,47,http://imgs.juheapi.com/comic_xin/x%2BC0urykx%2BnJ2cTqsK4=/153723/46-MTUzNzIzNDY=.jpg
0001,48,http://imgs.juheapi.com/comic_xin/x%2BC0urykx%2BnJ2cTqsK4=/153723/47-MTUzNzIzNDc=.jpg
0001,49,http://imgs.juheapi.com/comic_xin/x%2BC0urykx%2BnJ2cTqsK4=/153723/48-MTUzNzIzNDg=.jpg
0001,50,http://imgs.juheapi.com/comic_xin/x%2BC0urykx%2BnJ2cTqsK4=/153723/49-MTUzNzIzNDk=.jpg
0001,51,http://imgs.juheapi.com/comic_xin/x%2BC0urykx%2BnJ2cTqsK4=/153723/50-MTUzNzIzNTA=.jpg
0001,52,http://imgs.juheapi.com/comic_xin/x%2BC0urykx%2BnJ2cTqsK4=/153723/51-MTUzNzIzNTE=.jpg
0001,53,http://imgs.juheapi.com/comic_xin/x%2BC0urykx%2BnJ2cTqsK4=/153723/52-MTUzNzIzNTI=.jpg
0001,54,http://imgs.juheapi.com/comic_xin/x%2BC0urykx%2BnJ2cTqsK4=/153723/53-MTUzNzIzNTM=.jpg
0001,55,http://imgs.juheapi.com/comic_xin/x%2BC0urykx%2BnJ2cTqsK4=/153723/54-MTUzNzIzNTQ=.jpg
0001,56,http://imgs.juheapi.com/comic_xin/x%2BC0urykx%2BnJ2cTqsK4=/153723/55-MTUzNzIzNTU=.jpg
0001,57,http://imgs.juheapi.com/comic_xin/x%2BC0urykx%2BnJ2cTqsK4=/153723/56-MTUzNzIzNTY=.jpg
0001,58,http://imgs.juheapi.com/comic_xin/x%2BC0urykx%2BnJ2cTqsK4=/153723/57-MTUzNzIzNTc=.jpg
0001,59,http://imgs.juheapi.com/comic_xin/x%2BC0urykx%2BnJ2cTqsK4=/153723/58-MTUzNzIzNTg=.jpg
0001,60,http://imgs.juheapi.com/comic_xin/x%2BC0urykx%2BnJ2cTqsK4=/153723/59-MTUzNzIzNTk=.jpg
0001,61,http://imgs.juheapi.com/comic_xin/x%2BC0urykx%2BnJ2cTqsK4=/153723/60-MTUzNzIzNjA=.jpg
0001,62,http://imgs.juheapi.com/comic_xin/x%2BC0urykx%2BnJ2cTqsK4=/153723/61-MTUzNzIzNjE=.jpg
0001,63,http://imgs.juheapi.com/comic_xin/x%2BC0urykx%2BnJ2cTqsK4=/153723/62-MTUzNzIzNjI=.jpg
0001,64,http://imgs.juheapi.com/comic_xin/x%2BC0urykx%2BnJ2cTqsK4=/153723/63-MTUzNzIzNjM=.jpg
0001,65,http://imgs.juheapi.com/comic_xin/x%2BC0urykx%2BnJ2cTqsK4=/153723/64-MTUzNzIzNjQ=.jpg
0001,66,http://imgs.juheapi.com/comic_xin/x%2BC0urykx%2BnJ2cTqsK4=/153723/65-MTUzNzIzNjU=.jpg
0001,67,http://imgs.juheapi.com/comic_xin/x%2BC0urykx%2BnJ2cTqsK4=/153723/66-MTUzNzIzNjY=.jpg
0001,68,http://imgs.juheapi.com/comic_xin/x%2BC0urykx%2BnJ2cTqsK4=/153723/67-MTUzNzIzNjc=.jpg
0001,69,http://imgs.juheapi.com/comic_xin/x%2BC0urykx%2BnJ2cTqsK4=/153723/68-MTUzNzIzNjg=.jpg
0001,70,http://imgs.juheapi.com/comic_xin/x%2BC0urykx%2BnJ2cTqsK4=/153723/69-MTUzNzIzNjk=.jpg
0001,71,http://imgs.juheapi.com/comic_xin/x%2BC0urykx%2BnJ2cTqsK4=/153723/70-MTUzNzIzNzA=.jpg
0001,72,http://imgs.juheapi.com/comic_xin/x%2BC0urykx%2BnJ2cTqsK4=/153723/71-MTUzNzIzNzE=.jpg
0001,73,http://imgs.juheapi.com/comic_xin/x%2BC0urykx%2BnJ2cTqsK4=/153723/72-MTUzNzIzNzI=.jpg
0001,74,http://imgs.juheapi.com/comic_xin/x%2BC0urykx%2BnJ2cTqsK4=/153723/73-MTUzNzIzNzM=.jpg
0001,75,http://imgs.juheapi.com/comic_xin/x%2BC0urykx%2BnJ2cTqsK4=/153723/74-MTUzNzIzNzQ=.jpg
0001,76,http://imgs.juheapi.com/comic_xin/x%2BC0urykx%2BnJ2cTqsK4=/153723/75-MTUzNzIzNzU=.jpg
0001,77,http://imgs.juheapi.com/comic_xin/x%2BC0urykx%2BnJ2cTqsK4=/153723/76-MTUzNzIzNzY=.jpg
0001,78,http://imgs.juheapi.com/comic_xin/x%2BC0urykx%2BnJ2cTqsK4=/153723/77-MTUzNzIzNzc=.jpg
0001,79,http://imgs.juheapi.com/comic_xin/x%2BC0urykx%2BnJ2cTqsK4=/153723/78-MTUzNzIzNzg=.jpg
0001,80,http://imgs.juheapi.com/comic_xin/x%2BC0urykx%2BnJ2cTqsK4=/153723/79-MTUzNzIzNzk=.jpg
0001,81,http://imgs.juheapi.com/comic_xin/x%2BC0urykx%2BnJ2cTqsK4=/153723/80-MTUzNzIzODA=.jpg
0001,82,http://imgs.juheapi.com/comic_xin/x%2BC0urykx%2BnJ2cTqsK4=/153723/81-MTUzNzIzODE=.jpg
0001,83,http://imgs.juheapi.com/comic_xin/x%2BC0urykx%2BnJ2cTqsK4=/153723/82-MTUzNzIzODI=.jpg
0001,84,http://imgs.juheapi.com/comic_xin/x%2BC0urykx%2BnJ2cTqsK4=/153723/83-MTUzNzIzODM=.jpg
0001,85,http://imgs.juheapi.com/comic_xin/x%2BC0urykx%2BnJ2cTqsK4=/153723/84-MTUzNzIzODQ=.jpg
0001,86,http://imgs.juheapi.com/comic_xin/x%2BC0urykx%2BnJ2cTqsK4=/153723/85-MTUzNzIzODU=.jpg
0001,87,http://imgs.juheapi.com/comic_xin/x%2BC0urykx%2BnJ2cTqsK4=/153723/86-MTUzNzIzODY=.jpg
0001,88,http://imgs.juheapi.com/comic_xin/x%2BC0urykx%2BnJ2cTqsK4=/153723/87-MTUzNzIzODc=.jpg
0001,89,http://imgs.juheapi.com/comic_xin/x%2BC0urykx%2BnJ2cTqsK4=/153723/88-MTUzNzIzODg=.jpg
0002,1,http://imgs.juheapi.com/comic_xin/x%2BC0urykx%2BnJ2cTqsK4=/153724/0-MTUzNzI0MA==.jpg
0002,2,http://imgs.juheapi.com/comic_xin/x%2BC0urykx%2BnJ2cTqsK4=/153724/1-MTUzNzI0MQ==.jpg
0002,3,http://imgs.juheapi.com/comic_xin/x%2BC0urykx%2BnJ2cTqsK4=/153724/2-MTUzNzI0Mg==.jpg
0002,4,http://imgs.juheapi.com/comic_xin/x%2BC0urykx%2BnJ2cTqsK4=/153724/3-MTUzNzI0Mw==.jpg
0002,5,http://imgs.juheapi.com/comic_xin/x%2BC0urykx%2BnJ2cTqsK4=/153724/4-MTUzNzI0NA==.jpg
0002,6,http://imgs.juheapi.com/comic_xin/x%2BC0urykx%2BnJ2cTqsK4=/153724/5-MTUzNzI0NQ==.jpg
0002,7,http://imgs.juheapi.com/comic_xin/x%2BC0urykx%2BnJ2cTqsK4=/153724/6-MTUzNzI0Ng==.jpg
0002,8,http://imgs.juheapi.com/comic_xin/x%2BC0urykx%2BnJ2cTqsK4=/153724/7-MTUzNzI0Nw==.jpg
0002,9,http://imgs.juheapi.com/comic_xin/x%2BC0urykx%2BnJ2cTqsK4=/153724/8-MTUzNzI0OA==.jpg
0002,10,http://imgs.juheapi.com/comic_xin/x%2BC0urykx%2BnJ2cTqsK4=/153724/9-MTUzNzI0OQ==.jpg
0002,11,http://imgs.juheapi.com/comic_xin/x%2BC0urykx%2BnJ2cTqsK4=/153724/10-MTUzNzI0MTA=.jpg
0002,12,http://imgs.juheapi.com/comic_xin/x%2BC0urykx%2BnJ2cTqsK4=/153724/11-MTUzNzI0MTE=.jpg
0002,13,http://imgs.juheapi.com/comic_xin/x%2BC0urykx%2BnJ2cTqsK4=/153724/12-MTUzNzI0MTI=.jpg
0002,14,http://imgs.juheapi.com/comic_xin/x%2BC0urykx%2BnJ2cTqsK4=/153724/13-MTUzNzI0MTM=.jpg
0002,15,http://imgs.juheapi.com/comic_xin/x%2BC0urykx%2BnJ2cTqsK4=/153724/14-MTUzNzI0MTQ=.jpg
0002,16,http://imgs.juheapi.com/comic_xin/x%2BC0urykx%2BnJ2cTqsK4=/153724/15-MTUzNzI0MTU=.jpg
0002,17,http://imgs.juheapi.com/comic_xin/x%2BC0urykx%2BnJ2cTqsK4=/153724/16-MTUzNzI0MTY=.jpg
0002,18,http://imgs.juheapi.com/comic_xin/x%2BC0urykx%2BnJ2cTqsK4=/153724/17-MTUzNzI0MTc=.jpg
0002,19,http://imgs.juheapi.com/comic_xin/x%2BC0urykx%2BnJ2cTqsK4=/153724/18-MTUzNzI0MTg=.jpg
0002,20,http://imgs.juheapi.com/comic_xin/x%2BC0urykx%2BnJ2cTqsK4=/153724/19-MTUzNzI0MTk=.jpg
0002,21,http://imgs.juheapi.com/comic_xin/x%2BC0urykx%2BnJ2cTqsK4=/153724/20-MTUzNzI0MjA=.jpg
0002,22,http://imgs.juheapi.com/comic_xin/x%2BC0urykx%2BnJ2cTqsK4=/153724/21-MTUzNzI0MjE=.jpg
0002,23,http://imgs.juheapi.com/comic_xin/x%2BC0urykx%2BnJ2cTqsK4=/153724/22-MTUzNzI0MjI=.jpg
0002,24,http://imgs.juheapi.com/comic_xin/x%2BC0urykx%2BnJ2cTqsK4=/153724/23-MTUzNzI0MjM=.jpg
0002,25,http://imgs.juheapi.com/comic_xin/x%2BC0urykx%2BnJ2cTqsK4=/153724/24-MTUzNzI0MjQ=.jpg
0002,26,http://imgs.juheapi.com/comic_xin/x%2BC0urykx%2BnJ2cTqsK4=/153724/25-MTUzNzI0MjU=.jpg
0002,27,http://imgs.juheapi.com/comic_xin/x%2BC0urykx%2BnJ2cTqsK4=/153724/26-MTUzNzI0MjY=.jpg
0002,28,http://imgs.juheapi.com/comic_xin/x%2BC0urykx%2BnJ2cTqsK4=/153724/27-MTUzNzI0Mjc=.jpg
0002,29,http://imgs.juheapi.com/comic_xin/x%2BC0urykx%2BnJ2cTqsK4=/153724/28-MTUzNzI0Mjg=.jpg
0002,30,http://imgs.juheapi.com/comic_xin/x%2BC0urykx%2BnJ2cTqsK4=/153724/29-MTUzNzI0Mjk=.jpg
0002,31,http://imgs.juheapi.com/comic_xin/x%2BC0urykx%2BnJ2cTqsK4=/153724/30-MTUzNzI0MzA=.jpg
0002,32,http://imgs.juheapi.com/comic_xin/x%2BC0urykx%2BnJ2cTqsK4=/153724/31-MTUzNzI0MzE=.jpg
0002,33,http://imgs.juheapi.com/comic_xin/x%2BC0urykx%2BnJ2cTqsK4=/153724/32-MTUzNzI0MzI=.jpg
0002,34,http://imgs.juheapi.com/comic_xin/x%2BC0urykx%2BnJ2cTqsK4=/153724/33-MTUzNzI0MzM=.jpg
0002,35,http://imgs.juheapi.com/comic_xin/x%2BC0urykx%2BnJ2cTqsK4=/153724/34-MTUzNzI0MzQ=.jpg
0002,36,http://imgs.juheapi.com/comic_xin/x%2BC0urykx%2BnJ2cTqsK4=/153724/35-MTUzNzI0MzU=.jpg
0002,37,http://imgs.juheapi.com/comic_xin/x%2BC0urykx%2BnJ2cTqsK4=/153724/36-MTUzNzI0MzY=.jpg
0002,38,http://imgs.juheapi.com/comic_xin/x%2BC0urykx%2BnJ2cTqsK4=/153724/37-MTUzNzI0Mzc=.jpg
0002,39,http://imgs.juheapi.com/comic_xin/x%2BC0urykx%2BnJ2cTqsK4=/153724/38-MTUzNzI0Mzg=.jpg
0002,40,http://imgs.juheapi.com/comic_xin/x%2BC0urykx%2BnJ2cTqsK4=/153724/39-MTUzNzI0Mzk=.jpg
0002,41,http://imgs.juheapi.com/comic_xin/x%2BC0urykx%2BnJ2cTqsK4=/153724/40-MTUzNzI0NDA=.jpg
0002,42,http://imgs.juheapi.com/comic_xin/x%2BC0urykx%2BnJ2cTqsK4=/153724/41-MTUzNzI0NDE=.jpg
0002,43,http://imgs.juheapi.com/comic_xin/x%2BC0urykx%2BnJ2cTqsK4=/153724/42-MTUzNzI0NDI=.jpg
0002,44,http://imgs.juheapi.com/comic_xin/x%2BC0urykx%2BnJ2cTqsK4=/153724/43-MTUzNzI0NDM=.jpg
0002,45,http://imgs.juheapi.com/comic_xin/x%2BC0urykx%2BnJ2cTqsK4=/153724/44-MTUzNzI0NDQ=.jpg
0002,46,http://imgs.juheapi.com/comic_xin/x%2BC0urykx%2BnJ2cTqsK4=/153724/45-MTUzNzI0NDU=.jpg
0002,47,http://imgs.juheapi.com/comic_xin/x%2BC0urykx%2BnJ2cTqsK4=/153724/46-MTUzNzI0NDY=.jpg
0002,48,http://imgs.juheapi.com/comic_xin/x%2BC0urykx%2BnJ2cTqsK4=/153724/47-MTUzNzI0NDc=.jpg
0002,49,http://imgs.juheapi.com/comic_xin/x%2BC0urykx%2BnJ2cTqsK4=/153724/48-MTUzNzI0NDg=.jpg
0002,50,http://imgs.juheapi.com/comic_xin/x%2BC0urykx%2BnJ2cTqsK4=/153724/49-MTUzNzI0NDk=.jpg
0002,51,http://imgs.juheapi.com/comic_xin/x%2BC0urykx%2BnJ2cTqsK4=/153724/50-MTUzNzI0NTA=.jpg
0002,52,http://imgs.juheapi.com/comic_xin/x%2BC0urykx%2BnJ2cTqsK4=/153724/51-MTUzNzI0NTE=.jpg
0002,53,http://imgs.juheapi.com/comic_xin/x%2BC0urykx%2BnJ2cTqsK4=/153724/52-MTUzNzI0NTI=.jpg
0002,54,http://imgs.juheapi.com/comic_xin/x%2BC0urykx%2BnJ2cTqsK4=/153724/53-MTUzNzI0NTM=.jpg
0002,55,http://imgs.juheapi.com/comic_xin/x%2BC0urykx%2BnJ2cTqsK4=/153724/54-MTUzNzI0NTQ=.jpg
0002,56,http://imgs.juheapi.com/comic_xin/x%2BC0urykx%2BnJ2cTqsK4=/153724/55-MTUzNzI0NTU=.jpg
0002,57,http://imgs.juheapi.com/comic_xin/x%2BC0urykx%2BnJ2cTqsK4=/153724/56-MTUzNzI0NTY=.jpg
0002,58,http://imgs.juheapi.com/comic_xin/x%2BC0urykx%2BnJ2cTqsK4=/153724/57-MTUzNzI0NTc=.jpg
0002,59,http://imgs.juheapi.com/comic_xin/x%2BC0urykx%2BnJ2cTqsK4=/153724/58-MTUzNzI0NTg=.jpg
0002,60,http://imgs.juheapi.com/comic_xin/x%2BC0urykx%2BnJ2cTqsK4=/153724/59-MTUzNzI0NTk=.jpg
0002,61,http://imgs.juheapi.com/comic_xin/x%2BC0urykx%2BnJ2cTqsK4=/153724/60-MTUzNzI0NjA=.jpg
0002,62,http://imgs.juheapi.com/comic_xin/x%2BC0urykx%2BnJ2cTqsK4=/153724/61-MTUzNzI0NjE=.jpg
0002,63,http://imgs.juheapi.com/comic_xin/x%2BC0urykx%2BnJ2cTqsK4=/153724/62-MTUzNzI0NjI=.jpg
0002,64,http://imgs.juheapi.com/comic_xin/x%2BC0urykx%2BnJ2cTqsK4=/153724/63-MTUzNzI0NjM=.jpg
0002,65,http://imgs.juheapi.com/comic_xin/x%2BC0urykx%2BnJ2cTqsK4=/153724/64-MTUzNzI0NjQ=.jpg
0002,66,http://imgs.juheapi.com/comic_xin/x%2BC0urykx%2BnJ2cTqsK4=/153724/65-MTUzNzI0NjU=.jpg
0002,67,http://imgs.juheapi.com/comic_xin/x%2BC0urykx%2BnJ2cTqsK4=/153724/66-MTUzNzI0NjY=.jpg
0002,68,http://imgs.juheapi.com/comic_xin/x%2BC0urykx%2BnJ2cTqsK4=/153724/67-MTUzNzI0Njc=.jpg
0002,69,http://imgs.juheapi.com/comic_xin/x%2BC0urykx%2BnJ2cTqsK4=/153724/68-MTUzNzI0Njg=.jpg
0002,70,http://imgs.juheapi.com/comic_xin/x%2BC0urykx%2BnJ2cTqsK4=/153724/69-MTUzNzI0Njk=.jpg
0002,71,http://imgs.juheapi.com/comic_xin/x%2BC0urykx%2BnJ2cTqsK4=/153724/70-MTUzNzI0NzA=.jpg
0002,72,http://imgs.juheapi.com/comic_xin/x%2BC0urykx%2BnJ2cTqsK4=/153724/71-MTUzNzI0NzE=.jpg
0002,73,http://imgs.juheapi.com/comic_xin/x%2BC0urykx%2BnJ2cTqsK4=/153724/72-MTUzNzI0NzI=.jpg
0002,74,http://imgs.juheapi.com/comic_xin/x%2BC0urykx%2BnJ2cTqsK4=/153724/73-MTUzNzI0NzM=.jpg
0002,75,http://imgs.juheapi.com/comic_xin/x%2BC0urykx%2BnJ2cTqsK4=/153724/74-MTUzNzI0NzQ=.jpg
0002,76,http://imgs.juheapi.com/comic_xin/x%2BC0urykx%2BnJ2cTqsK4=/153724/75-MTUzNzI0NzU=.jpg
0002,77,http://imgs.juheapi.com/comic_xin/x%2BC0urykx%2BnJ2cTqsK4=/153724/76-MTUzNzI0NzY=.jpg
0002,78,http://imgs.juheapi.com/comic_xin/x%2BC0urykx%2BnJ2cTqsK4=/153724/77-MTUzNzI0Nzc=.jpg
0002,79,http://imgs.juheapi.com/comic_xin/x%2BC0urykx%2BnJ2cTqsK4=/153724/78-MTUzNzI0Nzg=.jpg
0002,80,http://imgs.juheapi.com/comic_xin/x%2BC0urykx%2BnJ2cTqsK4=/153724/79-MTUzNzI0Nzk=.jpg
0002,81,http://imgs.juheapi.com/comic_xin/x%2BC0urykx%2BnJ2cTqsK4=/153724/80-MTUzNzI0ODA=.jpg
0002,82,http://imgs.juheapi.com/comic_xin/x%2BC0urykx%2BnJ2cTqsK4=/153724/81-MTUzNzI0ODE=.jpg
0002,83,http://imgs.juheapi.com/comic_xin/x%2BC0urykx%2BnJ2cTqsK4=/153724/82-MTUzNzI0ODI=.jpg
0002,84,http://imgs.juheapi.com/comic_xin/x%2BC0urykx%2BnJ2cTqsK4=/153724/83-MTUzNzI0ODM=.jpg
0002,85,http://imgs.juheapi.com/comic_xin/x%2BC0urykx%2BnJ2cTqsK4=/153724/84-MTUzNzI0ODQ=.jpg
0002,86,http://imgs.juheapi.com/comic_xin/x%2BC0urykx%2BnJ2cTqsK4=/153724/85-MTUzNzI0ODU=.jpg
0002,87,http://imgs.juheapi.com/comic_xin/x%2BC0urykx%2BnJ2cTqsK4=/153724/86-MTUzNzI0ODY=.jpg
0002,88,http://imgs.juheapi.com/comic_xin/x%2BC0urykx%2BnJ2cTqsK4=/153724/87-MTUzNzI0ODc=.jpg
0002,89,http://imgs.juheapi.com/comic_xin/x%2BC0urykx%2BnJ2cTqsK4=/153724/88-MTUzNzI0ODg=.jpg
0002,90,http://imgs.juheapi.com/comic_xin/x%2BC0urykx%2BnJ2cTqsK4=/153724/89-MTUzNzI0ODk=.jpg
0002,91,http://imgs.juheapi.com/comic_xin/x%2BC0urykx%2BnJ2cTqsK4=/153724/90-MTUzNzI0OTA=.jpg
0002,92,http://imgs.juheapi.com/comic_xin/x%2BC0urykx%2BnJ2cTqsK4=/153724/91-MTUzNzI0OTE=.jpg
0002,93,http://imgs.juheapi.com/comic_xin/x%2BC0urykx%2BnJ2cTqsK4=/153724/92-MTUzNzI0OTI=.jpg
0002,94,http://imgs.juheapi.com/comic_xin/x%2BC0urykx%2BnJ2cTqsK4=/153724/93-MTUzNzI0OTM=.jpg
0002,95,http://imgs.juheapi.com/comic_xin/x%2BC0urykx%2BnJ2cTqsK4=/153724/94-MTUzNzI0OTQ=.jpg
0002,96,http://imgs.juheapi.com/comic_xin/x%2BC0urykx%2BnJ2cTqsK4=/153724/95-MTUzNzI0OTU=.jpg
0002,97,http://imgs.juheapi.com/comic_xin/x%2BC0urykx%2BnJ2cTqsK4=/153724/96-MTUzNzI0OTY=.jpg
