0001,1,http://imgs.juheapi.com/comic_xin/3/ff97Tzus%2Bzqg==/259403/0-MjU5NDAzMA==.jpg
0001,2,http://imgs.juheapi.com/comic_xin/3/ff97Tzus%2Bzqg==/259403/1-MjU5NDAzMQ==.jpg
0001,3,http://imgs.juheapi.com/comic_xin/3/ff97Tzus%2Bzqg==/259403/2-MjU5NDAzMg==.jpg
0001,4,http://imgs.juheapi.com/comic_xin/3/ff97Tzus%2Bzqg==/259403/3-MjU5NDAzMw==.jpg
0001,5,http://imgs.juheapi.com/comic_xin/3/ff97Tzus%2Bzqg==/259403/4-MjU5NDAzNA==.jpg
0001,6,http://imgs.juheapi.com/comic_xin/3/ff97Tzus%2Bzqg==/259403/5-MjU5NDAzNQ==.jpg
0001,7,http://imgs.juheapi.com/comic_xin/3/ff97Tzus%2Bzqg==/259403/6-MjU5NDAzNg==.jpg
0001,8,http://imgs.juheapi.com/comic_xin/3/ff97Tzus%2Bzqg==/259403/7-MjU5NDAzNw==.jpg
0001,9,http://imgs.juheapi.com/comic_xin/3/ff97Tzus%2Bzqg==/259403/8-MjU5NDAzOA==.jpg
0001,10,http://imgs.juheapi.com/comic_xin/3/ff97Tzus%2Bzqg==/259403/9-MjU5NDAzOQ==.jpg
0001,11,http://imgs.juheapi.com/comic_xin/3/ff97Tzus%2Bzqg==/259403/10-MjU5NDAzMTA=.jpg
0001,12,http://imgs.juheapi.com/comic_xin/3/ff97Tzus%2Bzqg==/259403/11-MjU5NDAzMTE=.jpg
0001,13,http://imgs.juheapi.com/comic_xin/3/ff97Tzus%2Bzqg==/259403/12-MjU5NDAzMTI=.jpg
0001,14,http://imgs.juheapi.com/comic_xin/3/ff97Tzus%2Bzqg==/259403/13-MjU5NDAzMTM=.jpg
0001,15,http://imgs.juheapi.com/comic_xin/3/ff97Tzus%2Bzqg==/259403/14-MjU5NDAzMTQ=.jpg
0001,16,http://imgs.juheapi.com/comic_xin/3/ff97Tzus%2Bzqg==/259403/15-MjU5NDAzMTU=.jpg
0001,17,http://imgs.juheapi.com/comic_xin/3/ff97Tzus%2Bzqg==/259403/16-MjU5NDAzMTY=.jpg
0001,18,http://imgs.juheapi.com/comic_xin/3/ff97Tzus%2Bzqg==/259403/17-MjU5NDAzMTc=.jpg
0001,19,http://imgs.juheapi.com/comic_xin/3/ff97Tzus%2Bzqg==/259403/18-MjU5NDAzMTg=.jpg
